飯店名稱,城市,國家,地區,緯度,經度,品牌,Hilton 官網,TripAdvisor
Conrad Abu Dhabi Etihad Towers,Abu Dhabi,UAE,Middle East,24.4539,54.3773,Conrad Hotels & Resorts,https://www.hilton.com/en/hotels/auhetci-conrad-abu-dhabi-etihad-towers/,https://www.tripadvisor.com/Hotel_Review-g294013-d2154485-Reviews-.html
Conrad Algarve,Almancil,Portugal,Europe,37.0833,-8.0167,Conrad Hotels & Resorts,https://www.hilton.com/en/hotels/faoapci-conrad-algarve/,https://www.tripadvisor.com/Hotel_Review-g262054-d2142716-Reviews-.html
Conrad Bali,Bali,Indonesia,Asia Pacific,-8.791,115.212,Conrad Hotels & Resorts,https://www.hilton.com/en/hotels/bpncici-conrad-bali/,https://www.tripadvisor.com/Hotel_Review-g297698-d320013-Reviews-.html
Conrad Bora Bora Nui,Bora Bora,French Polynesia,Asia Pacific,-16.4833,-151.7333,Conrad Hotels & Resorts,https://www.hilton.com/en/hotels/pptbnci-conrad-bora-bora-nui/,https://www.tripadvisor.com/Hotel_Review-g311415-d304568-Reviews-.html
Conrad Chia Laguna Sardinia,Chia,Italy,Europe,38.8833,8.9,Conrad Hotels & Resorts,https://www.hilton.com/en/hotels/olbclci-conrad-chia-laguna-sardinia/,https://www.tripadvisor.com/Hotel_Review-g608910-d1457967-Reviews-.html
Conrad Fort Lauderdale Beach,Fort Lauderdale,USA,Americas,26.1224,-80.1034,Conrad Hotels & Resorts,https://www.hilton.com/en/hotels/fllcici-conrad-fort-lauderdale-beach/,https://www.tripadvisor.com/Hotel_Review-g34227-d1555519-Reviews-Conrad_Fort_Lauderdale_Beach-Fort_Lauderdale_Broward_County_Florida.html
Conrad Hangzhou Tonglu,Hangzhou,China,Asia Pacific,29.7973,119.6667,Conrad Hotels & Resorts,https://www.hilton.com/en/hotels/hghyfci-conrad-hangzhou-tonglu/,https://www.tripadvisor.com/Hotel_Review-g660719-d17558173-Reviews-.html
Conrad Jiuzhaigou,Jiuzhaigou,China,Asia Pacific,33.2607,103.9222,Conrad Hotels & Resorts,https://www.hilton.com/en/hotels/jzhcici-conrad-jiuzhaigou/,https://www.tripadvisor.com/Hotel_Review-g11966617-d23717603-Reviews-Conrad_Jiuzhaigou-Zhangzha_Jiuzhaigou_County_Ngawa_Tibetan_and_Qiang_Autonomous_Pre.html
Conrad Koh Samui,Koh Samui,Thailand,Asia Pacific,9.5333,100.05,Conrad Hotels & Resorts,https://www.hilton.com/en/hotels/usmksci-conrad-koh-samui/,https://www.tripadvisor.com/Hotel_Review-g1925994-d1456417-Reviews-.html
Conrad Las Vegas at Resorts World,Las Vegas,USA,Americas,36.1299,-115.1658,Conrad Hotels & Resorts,https://www.hilton.com/en/hotels/rslvhvh-resorts-world-las-vegas/,https://www.tripadvisor.com/Hotel_Review-g45963-d23328327-Reviews-Conrad_Las_Vegas_at_Resorts_World-Las_Vegas_Nevada.html
Conrad Maldives Rangali Island,Rangali Island,Maldives,Asia Pacific,3.6167,72.85,Conrad Hotels & Resorts,https://www.hilton.com/en/hotels/mlehici-conrad-maldives-rangali-island/,https://www.tripadvisor.com/Hotel_Review-g298325-d300676-Reviews-.html
Conrad Orlando,Orlando,USA,Americas,28.4177,-81.5812,Conrad Hotels & Resorts,https://www.hilton.com/en/hotels/orlcici-conrad-orlando/,https://www.tripadvisor.com/Hotel_Review-g34515-d25353203-Reviews-.html
Conrad Punta de Mita,Punta de Mita,Mexico,Americas,20.7667,-105.5333,Conrad Hotels & Resorts,https://www.hilton.com/en/hotels/pvrpmci-conrad-punta-de-mita/,https://www.tripadvisor.com/Hotel_Review-g499443-d18921196-Reviews-.html
Conrad Rabat Arzana,Rabat,Morocco,Africa,33.9716,-6.8498,Conrad Hotels & Resorts,https://www.hilton.com/en/hotels/rbacici-conrad-rabat-arzana/,https://www.tripadvisor.com/Hotel_Review-g293736-d25054745-Reviews-.html
Conrad Tulum Riviera Maya,Tulum,Mexico,Americas,20.2114,-87.4654,Conrad Hotels & Resorts,https://www.hilton.com/en/hotels/cuncici-conrad-tulum-riviera-maya/,https://www.tripadvisor.com/Hotel_Review-g25303625-d23608358-Reviews-Conrad_Tulum_Riviera_Maya-Chemuyil_Tulum_Yucatan_Peninsula.html
"Baia di Chia Resort Sardinia, Curio Collection",Chia,Italy,Europe,38.8833,8.8833,Curio Collection by Hilton,https://www.hilton.com/en/hotels/olbbrqq-baia-di-chia-resort-sardinia/,https://www.tripadvisor.com/Hotel_Review-g608910-d631016-Reviews-.html
"Baker's Cay Resort Key Largo, Curio Collection",Key Largo,USA,Americas,25.0866,-80.4483,Curio Collection by Hilton,https://www.hilton.com/en/hotels/kylcuqq-bakers-cay-resort-key-largo/,https://www.tripadvisor.com/Hotel_Review-g34344-d207829-Reviews-.html
"Boeira Garden Hotel Porto Gaia, Curio Collection",Vila Nova de Gaia,Portugal,Europe,41.126,-8.611,Curio Collection by Hilton,https://www.hilton.com/en/hotels/opobgqq-boeira-garden-hotel-porto-gaia/,https://www.tripadvisor.com/Hotel_Review-g580268-d19630255-Reviews-.html
"Botanika Osa Peninsula, Curio Collection",Osa Peninsula,Costa Rica,Americas,8.5833,-83.5,Curio Collection by Hilton,https://www.hilton.com/en/hotels/pjmcrqq-botanika-osa-peninsula/,https://www.tripadvisor.com/Hotel_Review-g309284-d23584149-Reviews-.html
"Boulders Resort & Spa Scottsdale, Curio Collection",Scottsdale,USA,Americas,33.8625,-111.8467,Curio Collection by Hilton,https://www.hilton.com/en/hotels/phxrsqq-boulders-resort-and-spa-scottsdale/,https://www.tripadvisor.com/Hotel_Review-g31350-d73240-Reviews-Boulders_Resort_Spa_Scottsdale_Curio_Collection_By_Hilton-Scottsdale_Arizona.html
"Casa Mani Resort Napa Valley, Curio Collection",Napa Valley,USA,Americas,38.2975,-122.2869,Curio Collection by Hilton,https://www.hilton.com/en/hotels/napvpqq-casa-mani-resort-napa-valley/,https://www.tripadvisor.com/Hotel_Review-g32766-d78593-Reviews-Casa_Mani_Resort_Napa_Valley_Curio_Collection_by_Hilton-Napa_Napa_Valley_California.html
"Casa Marina Key West, Curio Collection",Key West,USA,Americas,24.5551,-81.7982,Curio Collection by Hilton,https://www.hilton.com/en/hotels/eywcmqq-casa-marina-key-west/,https://www.tripadvisor.com/Hotel_Review-g34345-d209391-Reviews-.html
"Cloudland at McLemore Resort Lookout Mountain, Curio",Lookout Mountain,USA,Americas,34.9833,-85.35,Curio Collection by Hilton,https://www.hilton.com/en/hotels/atlokqq-cloudland-at-mclemore-resort-lookout-mountain/,https://www.tripadvisor.com/Hotel_Review-g35223-d26811868-Reviews-.html
"Diplomat Beach Resort Hollywood, Curio Collection",Hollywood,USA,Americas,26.0112,-80.1114,Curio Collection by Hilton,https://www.hilton.com/en/hotels/flldhqq-the-diplomat-beach-resort-hollywood/,https://www.tripadvisor.com/Hotel_Review-g34296-d271867-Reviews-The_Diplomat_Beach_Resort_Hollywood_Curio_Collection_By_Hilton-Hollywood_Broward_County_.html
"Domes Aulus Elounda Resort, Curio by Hilton",Elounda,Greece,Europe,35.25,25.7333,Curio Collection by Hilton,https://www.hilton.com/en/hotels/herbsqq-domes-aulus-elounda-resort/,https://www.tripadvisor.com/Hotel_Review-g189416-d265374-Reviews-.html
"Faro Blanco Resort & Yacht Club Marathon, Curio",Marathon,USA,Americas,24.721,-81.0534,Curio Collection by Hilton,https://www.hilton.com/en/hotels/mthfbqq-faro-blanco-resort-and-yacht-club-marathon/,https://www.tripadvisor.com/Hotel_Review-g34347-d6784786-Reviews-.html
"Gale South Beach, Curio Collection",Miami Beach,USA,Americas,25.78,-80.13,Curio Collection by Hilton,https://www.hilton.com/en/hotels/miagsqq-gale-south-beach/,https://www.tripadvisor.com/Hotel_Review-g34439-d3530470-Reviews-Gale_South_Beach_Curio_Collection_by_Hilton-Miami_Beach_Florida.html
"Grand Hotel des Sablettes Plage, Curio Collection",La Seyne-sur-Mer,France,Europe,43.0833,5.9,Curio Collection by Hilton,https://www.hilton.com/en/hotels/tlnspqq-grand-hotel-des-sablettes-plage/,https://www.tripadvisor.com/Hotel_Review-g1080054-d12474245-Reviews-Grand_Hotel_des_Sablettes_Plage_Curio_Collection_by_Hilton-La_Seyne_sur_Mer_Var_Prov.html
"Harbor Club St. Lucia, Curio Collection",Rodney Bay,Saint Lucia,Americas,14.0833,-60.95,Curio Collection by Hilton,https://www.hilton.com/en/hotels/sluhcqq-harbor-club-st-lucia/,https://www.tripadvisor.com/Hotel_Review-g147344-d12720987-Reviews-.html
"Higueron Hotel Malaga, Curio Collection",Fuengirola,Spain,Europe,36.55,-4.6167,Curio Collection by Hilton,https://www.hilton.com/en/hotels/agprhqq-higueron-hotel-malaga/,https://www.tripadvisor.com/Hotel_Review-g315915-d2533313-Reviews-.html
"Hotel Alpenrock Breckenridge, Curio Collection",Breckenridge,USA,Americas,39.48,-106.0472,Curio Collection by Hilton,https://www.hilton.com/en/hotels/qkbbrqq-alpenrock-breckenridge/,https://www.tripadvisor.com/Hotel_Review-g33327-d126246-Reviews-.html
"Hotel del Coronado, Curio Collection",Coronado,USA,Americas,32.6818,-117.1795,Curio Collection by Hilton,https://www.hilton.com/en/hotels/sanqqqq-hotel-del-coronado/,https://www.tripadvisor.com/Hotel_Review-g32250-d125137-Reviews-.html
"Hotel Maren Fort Lauderdale Beach, Curio Collection",Fort Lauderdale,USA,Americas,26.1224,-80.1034,Curio Collection by Hilton,https://www.hilton.com/en/hotels/fllucqq-hotel-maren-fort-lauderdale-beach/,https://www.tripadvisor.com/Hotel_Review-g34227-d19901710-Reviews-.html
"Il Picciolo Etna Golf Resort & Spa, Curio Collection",Castiglione di Sicilia,Italy,Europe,37.8833,15.1167,Curio Collection by Hilton,https://www.hilton.com/en/hotels/ctasiqq-il-piccolo-etna-golf-resort-and-spa/,https://www.tripadvisor.com/Hotel_Review-g663798-d1146155-Reviews-Il_Picciolo_Etna_Golf_Resort_Spa_Curio_Collection_By_Hilton-Castiglione_di_Sicili.html
"Indura Beach & Golf Resort, Curio Collection",Tela,Honduras,Americas,15.7833,-87.4667,Curio Collection by Hilton,https://www.hilton.com/en/hotels/teaibqq-indura-beach-and-golf-resort/,https://www.tripadvisor.com/Hotel_Review-g297578-d5777227-Reviews-Indura_Beach_Golf_Resort_Curio_Collection_By_Hilton-Tela_Atlantida_Department.html
"Isla Brown Chania Resort, Curio Collection",Chania,Greece,Europe,35.5138,24.018,Curio Collection by Hilton,https://www.hilton.com/en/hotels/heribqq-isla-brown-resort-chania/,https://www.tripadvisor.com/Hotel_Review-g644211-d25355174-Reviews-Isla_Brown_Chania_Resort_Curio_Collection_By_Hilton-Stavros_Chania_Prefecture_Crete.html
"Isla Brown Corinthia Resort & Spa, Curio Collection",Corinthia,Greece,Europe,37.95,22.9167,Curio Collection by Hilton,https://www.hilton.com/en/hotels/athibqq-isla-brown-corinthia-resort-and-spa/,https://www.tripadvisor.com/Hotel_Review-g4501379-d23341412-Reviews-.html
"Keight Hotel Opatija, Curio Collection",Opatija,Croatia,Europe,45.3378,14.305,Curio Collection by Hilton,https://www.hilton.com/en/hotels/zagopqq-keight-hotel-opatija/,https://www.tripadvisor.com/Hotel_Review-g297515-d27430719-Reviews-.html
"Koi Resort Saint Kitts, Curio Collection",Saint Kitts,Saint Kitts and Nevis,Americas,17.3578,-62.7833,Curio Collection by Hilton,https://www.hilton.com/en/hotels/skbkrqq-koi-resort-saint-kitts/,https://www.tripadvisor.com/Hotel_Review-g147375-d19736313-Reviews-.html
"La Festa Phu Quoc, Curio Collection",Phu Quoc,Vietnam,Asia Pacific,10.2899,103.984,Curio Collection by Hilton,https://www.hilton.com/en/hotels/pqcpqqq-la-festa-phu-quoc/,https://www.tripadvisor.com/Hotel_Review-g12520037-d26628262-Reviews-.html
"La Quinta Resort & Club, Curio Collection",La Quinta,USA,Americas,33.6635,-116.31,Curio Collection by Hilton,https://www.hilton.com/en/hotels/psplqqq-la-quinta-resort-and-club/,https://www.tripadvisor.com/Hotel_Review-g32584-d77460-Reviews-La_Quinta_Resort_Club_Curio_Collection_by_Hilton-La_Quinta_Greater_Palm_Springs_Californi.html
"Le Hameau des Pesquiers Ecolodge, Curio Collection",Hyères,France,Europe,43.1167,6.1333,Curio Collection by Hilton,https://www.hilton.com/en/hotels/tlnleqq-le-hameau-des-pesquiers-ecolodge/,https://www.tripadvisor.com/Hotel_Review-g187226-d24072981-Reviews-.html
"Aulus Lindos Rhodes Resort, Curio Collection",Rhodes,Greece,Europe,36.0917,28.0853,Curio Collection by Hilton,https://www.hilton.com/en/hotels/rholiqq-lindian-village-beach-resort-rhodes/,https://www.tripadvisor.com/Hotel_Review-g776010-d572243-Reviews-.html
"Mangias Santa Teresa Sardinia, Curio Collection",Santa Teresa di Gallura,Italy,Europe,41.2333,9.1833,Curio Collection by Hilton,https://www.hilton.com/en/hotels/olbccqq-mangias-santa-teresa-sardinia/,https://www.tripadvisor.com/Hotel_Review-g608922-d1143791-Reviews-.html
"Mangrove Beach Corendon Curacao All-Inclusive, Curio",Willemstad,Curaçao,Americas,12.1696,-69.0089,Curio Collection by Hilton,https://www.hilton.com/en/hotels/curryqq-mangrove-beach-corendon-curacao-all-inclusive-resort/,https://www.tripadvisor.com/Hotel_Review-g147278-d26803015-Reviews-The_Rif_At_Mangrove_Beach_Corendon_Curacao_All_inclusive_Curio_By_Hilton-Willemstad_C.html
"SAii Lagoon Maldives, Curio Collection",Maldives,Maldives,Asia Pacific,4.1755,73.5093,Curio Collection by Hilton,https://www.hilton.com/en/hotels/mlegsqq-saii-lagoon-maldives/,https://www.tripadvisor.com/Hotel_Review-g23353839-d15326480-Reviews-.html
"Sea Breeze Santorini Beach Resort, Curio Collection",Santorini,Greece,Europe,36.3833,25.4333,Curio Collection by Hilton,https://www.hilton.com/en/hotels/jtrsbqq-sea-breeze-santorini-beach-resort/,https://www.tripadvisor.com/Hotel_Review-g26295569-d23955731-Reviews-.html
"Semeli Coast Mykonos, Curio Collection",Mykonos,Greece,Europe,37.45,25.3289,Curio Collection by Hilton,https://www.hilton.com/en/hotels/jmkmbqq-semeli-coast-mykonos/,https://www.tripadvisor.com/Hotel_Review-g189430-d27702879-Reviews-.html
"Skaneateles Fields Resort & Spa, Curio Collection",Skaneateles,USA,Americas,42.9473,-76.4288,Curio Collection by Hilton,https://www.hilton.com/en/hotels/syrslqq-skaneateles-fields-resort-and-spa/,https://www.tripadvisor.com/Hotel_Review-g48618-d33012530-Reviews-.html
"Sulia House Porto Rotondo, Curio Collection",Porto Rotondo,Italy,Europe,41.0333,9.5333,Curio Collection by Hilton,https://www.hilton.com/en/hotels/olbprqq-sulia-house-porto-rotondo/,https://www.tripadvisor.com/Hotel_Review-g608916-d1799793-Reviews-.html
"The Club Cala San Miguel Hotel Ibiza, Curio Collection",Ibiza,Spain,Europe,39.0333,1.5167,Curio Collection by Hilton,https://www.hilton.com/en/hotels/ibzseqq-cala-san-miguel-ibiza-resort/,https://www.tripadvisor.com/Hotel_Review-g775984-d291057-Reviews-.html
"The Hiatus Clearwater Beach, Curio Collection",Clearwater Beach,USA,Americas,27.9768,-82.8272,Curio Collection by Hilton,https://www.hilton.com/en/hotels/tparkqq-the-hiatus-clearwater-beach/,https://www.tripadvisor.com/Hotel_Review-g34141-d26813276-Reviews-.html
"The Reach Key West, Curio Collection",Key West,USA,Americas,24.5551,-81.7982,Curio Collection by Hilton,https://www.hilton.com/en/hotels/eywqqqq-the-reach-key-west/,https://www.tripadvisor.com/Hotel_Review-g34345-d209392-Reviews-.html
"The Rif at Mangrove Beach All-Inclusive, Curio",Willemstad,Curaçao,Americas,12.1696,-69.0089,Curio Collection by Hilton,https://www.hilton.com/en/hotels/curmgqq-the-rif-at-mangrove-beach-corendon-curacao-all-inclusive/,https://www.tripadvisor.com/Hotel_Review-g147278-d26803015-Reviews-The_Rif_At_Mangrove_Beach_Corendon_Curacao_All_inclusive_Curio_By_Hilton-Willemstad_C.html
"The Royal Senses Resort Crete, Curio Collection",Rethymno,Greece,Europe,35.3667,24.4667,Curio Collection by Hilton,https://www.hilton.com/en/hotels/herrsqq-the-royal-senses-resort-and-spa-crete/,https://www.tripadvisor.com/Hotel_Review-g1177810-d19865453-Reviews-.html
"The Scottsdale Resort and Spa, Curio Collection",Scottsdale,USA,Americas,33.6589,-111.8743,Curio Collection by Hilton,https://www.hilton.com/en/hotels/phxssqq-the-scottsdale-resort-and-spa/,https://www.tripadvisor.com/Hotel_Review-g31350-d278000-Reviews-The_Scottsdale_Resort_And_Spa_Curio_Collection_By_Hilton-Scottsdale_Arizona.html
"The Singer Oceanfront Resort, Curio Collection",Palm Beach,USA,Americas,26.7153,-80.0364,Curio Collection by Hilton,https://www.hilton.com/en/hotels/pbisiqq-the-singer-oceanfront-resort/,https://www.tripadvisor.com/Hotel_Review-g1079181-d213861-Reviews-.html
"The WB Abu Dhabi, Curio Collection",Abu Dhabi,UAE,Middle East,24.4707,54.3227,Curio Collection by Hilton,https://www.hilton.com/en/hotels/auhwbqq-the-wb-abu-dhabi-hotel/,https://www.tripadvisor.com/Hotel_Review-g294013-d23696373-Reviews-.html
"The Woodlands Resort, Curio Collection",The Woodlands,USA,Americas,30.1658,-95.4613,Curio Collection by Hilton,https://www.hilton.com/en/hotels/iahwrqq-the-woodlands-resort/,https://www.tripadvisor.com/Hotel_Review-g56764-d99136-Reviews-.html
"Virgin Hotels Las Vegas, Curio Collection",Las Vegas,USA,Americas,36.084,-115.1523,Curio Collection by Hilton,https://www.hilton.com/en/hotels/lasvgqq-virgin-hotels-las-vegas/,https://www.tripadvisor.com/Hotel_Review-g33040154-d21135111-Reviews-.html
"Waterstone Resort & Marina Boca Raton, Curio Collection",Boca Raton,USA,Americas,26.3683,-80.0831,Curio Collection by Hilton,https://www.hilton.com/en/hotels/bctbuqq-waterstone-resort-and-marina-boca-raton/,https://www.tripadvisor.com/Hotel_Review-g34088-d84184-Reviews-.html
"Zachari Dunes on Mandalay Beach, Curio Collection",Oxnard,USA,Americas,34.2289,-119.2289,Curio Collection by Hilton,https://www.hilton.com/en/hotels/sbazdqq-zachari-dunes-on-mandalay-beach/,https://www.tripadvisor.com/Hotel_Review-g32837-d78181-Reviews-.html
"Zemi Miches Punta Cana All-Inclusive Resort, Curio",Miches,Dominican Republic,Americas,18.9833,-69.0333,Curio Collection by Hilton,https://www.hilton.com/en/hotels/pujmiqq-zemi-miches-all-inclusive-resort/,https://www.tripadvisor.com/Hotel_Review-g2441050-d27717397-Reviews-.html
Bahia Mar Fort Lauderdale Beach - a DoubleTree by Hilton,Fort Lauderdale,USA,Americas,26.1101,-80.1041,DoubleTree by Hilton,https://www.hilton.com/en/hotels/fllbmdt-bahia-mar-fort-lauderdale-beach/,https://www.tripadvisor.com/Hotel_Review-g34227-d84482-Reviews-Bahia_Mar_Fort_Lauderdale_Beach_A_Doubletree_By_Hilton_Hotel-Fort_Lauderdale_Broward_Coun.html
DoubleTree Beach Resort Tampa Bay - North Redington Beach,North Redington Beach,USA,Americas,27.8107,-82.8313,DoubleTree by Hilton,https://www.hilton.com/en/hotels/nornhdt-doubletree-beach-resort-tampa-bay-north-redington-beach/,https://www.tripadvisor.com/Hotel_Review-g34489-d86127-Reviews-Doubletree_Beach_Resort_By_Hilton_Hotel_Tampa_Bay_North_Redington_Beach-North_Redington_B.html
DoubleTree by Hilton Alana - Waikiki Beach,Honolulu,USA,Americas,21.289,-157.8405,DoubleTree by Hilton,https://www.hilton.com/en/hotels/hnlkadt-doubletree-alana-waikiki-beach/,https://www.tripadvisor.com/Hotel_Review-g60982-d90017-Reviews-DoubleTree_by_Hilton_Alana_Waikiki_Beach-Honolulu_Oahu_Hawaii.html
DoubleTree by Hilton Antalya-Kemer All-Inclusive Resort,Kemer,Turkey,Europe,36.5961,30.5566,DoubleTree by Hilton,https://www.hilton.com/en/hotels/aytakdi-doubletree-antalya-kemer-all-inclusive-resort/,https://www.tripadvisor.com/Hotel_Review-g297966-d12125044-Reviews-Doubletree_By_Hilton_Antalya_kemer_All_inclusive_Resort-Kemer_Turkish_Mediterranean_C.html
DoubleTree by Hilton Bodrum Isil Club All-Inclusive Resort,Bodrum,Turkey,Europe,37.0344,27.4305,DoubleTree by Hilton,https://www.hilton.com/en/hotels/bjvtrdi-doubletree-bodrum-isil-club-all-inclusive-resort/,https://www.tripadvisor.com/Hotel_Review-g298663-d296937-Reviews-Doubletree_By_Hilton_Bodrum_Isil_Club_All_inclusive_Resort-Torba_Bodrum_District_M.html
DoubleTree by Hilton Damai Laut Resort,Lumut,Malaysia,Asia Pacific,4.2167,100.6167,DoubleTree by Hilton,https://www.hilton.com/en/hotels/iphdldi-doubletree-damai-laut-resort/,https://www.tripadvisor.com/Hotel_Review-g298299-d22898882-Reviews-DoubleTree_by_Hilton_Damai_Laut_Resort-Lumut_Manjung_District_Perak.html
DoubleTree by Hilton Dubai - Jumeirah Beach,Dubai,UAE,Middle East,25.097,55.1447,DoubleTree by Hilton,https://www.hilton.com/en/hotels/dxbthdi-doubletree-dubai-jumeirah-beach/,https://www.tripadvisor.com/Hotel_Review-g295424-d5294361-Reviews-DoubleTree_by_Hilton_Dubai_Jumeirah_Beach-Dubai_Emirate_of_Dubai.html
DoubleTree by Hilton Goa - Arpora - Baga,Goa,India,Asia Pacific,15.5491,73.7528,DoubleTree by Hilton,https://www.hilton.com/en/hotels/goiabdi-doubletree-goa-arpora-baga/,https://www.tripadvisor.com/Hotel_Review-g312680-d3370050-Reviews-DoubleTree_by_Hilton_Hotel_Goa_Arpora_Baga-Arpora_North_Goa_District_Goa.html
DoubleTree by Hilton Goa Panaji,Panaji,India,Asia Pacific,15.4989,73.8278,DoubleTree by Hilton,https://www.hilton.com/en/hotels/goigddi-doubletree-goa-panaji/,https://www.tripadvisor.com/Hotel_Review-g5770686-d13626972-Reviews-Doubletree_By_Hilton_Goa_Panaji-Chimbel_North_Goa_District_Goa.html
DoubleTree by Hilton Golf Resort Palm Springs,Palm Springs,USA,Americas,33.8303,-116.5453,DoubleTree by Hilton,https://www.hilton.com/en/hotels/pspdpdt-doubletree-golf-resort-palm-springs/,https://www.tripadvisor.com/Hotel_Review-g32186-d250111-Reviews-Doubletree_By_Hilton_Hotel_Golf_Resort_Palm_Springs-Cathedral_City_Greater_Palm_Springs_.html
DoubleTree by Hilton Islantilla Beach Golf Resort,Islantilla,Spain,Europe,37.3667,-7.1833,DoubleTree by Hilton,https://www.hilton.com/en/hotels/hevirdi-doubletree-islantilla-beach-golf-resort/,https://www.tripadvisor.com/Hotel_Review-g644306-d282763-Reviews-DoubleTree_by_Hilton_Islantilla_Beach_Golf_Resort-Islantilla_Costa_de_la_Luz_Andalucia.html
DoubleTree by Hilton La Torre Golf & Spa Resort,Murcia,Spain,Europe,37.7833,-0.75,DoubleTree by Hilton,https://www.hilton.com/en/hotels/mjvltdi-doubletree-la-torre-golf-and-spa-resort/,https://www.tripadvisor.com/Hotel_Review-g1593231-d12805781-Reviews-DoubleTree_by_Hilton_La_Torre_Golf_Spa_Resort-Roldan_Torre_Pacheco.html
DoubleTree by Hilton Lagoa Azores,Lagoa,Portugal,Europe,37.7333,-25.5,DoubleTree by Hilton,https://www.hilton.com/en/hotels/pdlladi-doubletree-lagoa-azores/,https://www.tripadvisor.com/Hotel_Review-g1900300-d27536233-Reviews-Doubletree_By_Hilton_Lagoa_Azores-Lagoa_Sao_Miguel_Azores.html
DoubleTree by Hilton Malta,St. Julian's,Malta,Europe,35.9167,14.4833,DoubleTree by Hilton,https://www.hilton.com/en/hotels/mlaspdi-doubletree-malta/,https://www.tripadvisor.com/Hotel_Review-g608946-d26858038-Reviews-Doubletree_By_Hilton_Malta-St_Paul_s_Bay_Island_of_Malta.html
DoubleTree by Hilton Myrtle Beach,Myrtle Beach,USA,Americas,33.7041,-78.8764,DoubleTree by Hilton,https://www.hilton.com/en/hotels/myrdtdt-doubletree-resort-myrtle-beach-oceanfront/,https://www.tripadvisor.com/Hotel_Review-g54359-d97488-Reviews-Doubletree_Resort_By_Hilton_Myrtle_Beach_Oceanfront-Myrtle_Beach_South_Carolina.html
DoubleTree by Hilton Noumea Ilot Maitre Resort,Noumea,New Caledonia,Asia Pacific,-22.3114,166.518,DoubleTree by Hilton,https://www.hilton.com/en/hotels/noudidi-doubletree-noumea-ilot-maitre-resort/,https://www.tripadvisor.com/Hotel_Review-g28117576-d1203907-Reviews-DoubleTree_by_Hilton_Noumea_Ilot_Maitre_Resort-Ilot_Maitre_Grand_Terre.html
DoubleTree by Hilton Ocean Point Resort & Spa - North Miami,North Miami Beach,USA,Americas,25.9,-80.1333,DoubleTree by Hilton,https://www.hilton.com/en/hotels/miaopdt-doubletree-resort-and-spa-ocean-point-north-miami-beach/,https://www.tripadvisor.com/Hotel_Review-g34486-d85185-Reviews-Doubletree_Resort_Spa_By_Hilton_Hotel_Ocean_Point_North_Miami_Beach-North_Miami_Beach_Flo.html
DoubleTree by Hilton Okinawa Chatan Resort,Chatan,Japan,Asia Pacific,26.3167,127.75,DoubleTree by Hilton,https://www.hilton.com/en/hotels/okadidi-doubletree-okinawa-chatan-resort/,https://www.tripadvisor.com/Hotel_Review-g1025634-d13646563-Reviews-DoubleTree_by_Hilton_Okinawa_Chatan_Resort-Chatan_cho_Nakagami_gun_Okinawa_Prefectur.html
DoubleTree by Hilton Orlando at SeaWorld,Orlando,USA,Americas,28.4155,-81.4634,DoubleTree by Hilton,https://www.hilton.com/en/hotels/mcosrdt-doubletree-orlando-at-seaworld/,https://www.tripadvisor.com/Hotel_Review-g34515-d85452-Reviews-DoubleTree_by_Hilton_Hotel_Orlando_at_SeaWorld-Orlando_Florida.html
DoubleTree by Hilton Park City - The Yarrow,Park City,USA,Americas,40.6461,-111.498,DoubleTree by Hilton,https://www.hilton.com/en/hotels/slcywdt-doubletree-park-city-the-yarrow/,https://www.tripadvisor.com/Hotel_Review-g57097-d99844-Reviews-Doubletree_By_Hilton_Hotel_Park_City_The_Yarrow-Park_City_Utah.html
DoubleTree by Hilton Phuket Banthai Resort,Phuket,Thailand,Asia Pacific,7.9007,98.2965,DoubleTree by Hilton,https://www.hilton.com/en/hotels/hktpadi-doubletree-phuket-banthai-resort/,https://www.tripadvisor.com/Hotel_Review-g297930-d448627-Reviews-DoubleTree_by_Hilton_Phuket_Banthai_Resort-Patong_Kathu_Phuket.html
DoubleTree by Hilton Quebec Resort,Quebec City,Canada,Americas,46.8139,-71.2082,DoubleTree by Hilton,https://www.hilton.com/en/hotels/yqbqcdt-doubletree-quebec-resort/,https://www.tripadvisor.com/Hotel_Review-g155033-d575089-Reviews-DoubleTree_by_Hilton_Quebec_Resort-Quebec_City_Quebec.html
DoubleTree by Hilton Resort & Spa Marjan Island,Ras Al Khaimah,UAE,Middle East,25.7833,55.95,DoubleTree by Hilton,https://www.hilton.com/en/hotels/rktmidi-doubletree-resort-and-spa-marjan-island/,https://www.tripadvisor.com/Hotel_Review-g298063-d6209021-Reviews-DoubleTree_by_Hilton_Resort_Spa_Marjan_Island-Ras_Al_Khaimah_Emirate_of_Ras_Al_Khaimah.html
DoubleTree by Hilton San Juan,San Juan,Puerto Rico,Americas,18.4655,-66.1057,DoubleTree by Hilton,https://www.hilton.com/en/hotels/sjudtdt-doubletree-san-juan/,https://www.tripadvisor.com/Hotel_Review-g147320-d151682-Reviews-DoubleTree_by_Hilton_Hotel_San_Juan-San_Juan_Puerto_Rico.html
DoubleTree by Hilton Seychelles - Allamanda Resort & Spa,Mahe,Seychelles,Africa,-4.6833,55.5,DoubleTree by Hilton,https://www.hilton.com/en/hotels/sezdtdi-doubletree-seychelles-allamanda-resort-and-spa/,https://www.tripadvisor.com/Hotel_Review-g1193203-d3204699-Reviews-DoubleTree_by_Hilton_Seychelles_Allamanda_Resort_Spa-Takamaka_Mahe_Island.html
DoubleTree by Hilton Sharm El Sheikh - Sharks Bay Resort,Sharm El Sheikh,Egypt,Middle East,27.9654,34.3787,DoubleTree by Hilton,https://www.hilton.com/en/hotels/sshsbdi-doubletree-sharm-el-sheikh-sharks-bay-resort/,https://www.tripadvisor.com/Hotel_Review-g297555-d305090-Reviews-Doubletree_By_Hilton_Sharm_El_Sheikh_Sharks_Bay_Resort-Sharm_El_Sheikh_South_Sinai_Red_.html
DoubleTree by Hilton Shanwei,Shanwei,China,Asia Pacific,22.7833,115.3667,DoubleTree by Hilton,https://www.hilton.com/en/hotels/swadidi-doubletree-shanwei/,https://www.tripadvisor.com/Hotel_Review-g1017047-d17673833-Reviews-DoubleTree_by_Hilton_Shanwei-Shanwei_Guangdong.html
DoubleTree by Hilton Weerawila Rajawarna Resort,Weerawila,Sri Lanka,Asia Pacific,6.2167,81.25,DoubleTree by Hilton,https://www.hilton.com/en/hotels/wrzrjdi-doubletree-weerawila-rajawarna-resort/,https://www.tripadvisor.com/Hotel_Review-g12336477-d14216084-Reviews-DoubleTree_by_Hilton_Weerawila_Rajawarna_Resort-Weerawila_Southern_Province.html
DoubleTree Fallsview Resort & Spa by Hilton - Niagara Falls,Niagara Falls,Canada,Americas,43.0896,-79.0849,DoubleTree by Hilton,https://www.hilton.com/en/hotels/iagdtdt-doubletree-fallsview-resort-and-spa-niagara-falls/,https://www.tripadvisor.com/Hotel_Review-g154998-d320106-Reviews-DoubleTree_Fallsview_Resort_Spa_by_Hilton_Niagara_Falls-Niagara_Falls_Ontario.html
DoubleTree Resort by Hilton Fiji - Sonaisali Island,Nadi,Fiji,Asia Pacific,-17.8167,177.3833,DoubleTree by Hilton,https://www.hilton.com/en/hotels/nansidi-doubletree-resort-fiji-sonaisali-island/,https://www.tripadvisor.com/Hotel_Review-g612492-d7927296-Reviews-DoubleTree_Resort_By_Hilton_Hotel_Fiji_Sonaisali_Island-Sonaisali_Island_Viti_Levu.html
DoubleTree Resort by Hilton Grand Key - Key West,Key West,USA,Americas,24.5551,-81.7982,DoubleTree by Hilton,https://www.hilton.com/en/hotels/eywdtdt-doubletree-resort-grand-key-key-west/,https://www.tripadvisor.com/Hotel_Review-g34345-d209384-Reviews-Doubletree_Resort_By_Hilton_Hotel_Grand_Key_Key_West-Key_West_Florida_Keys_Florida.html
DoubleTree Resort by Hilton Lancaster,Lancaster,USA,Americas,40.0379,-76.3055,DoubleTree by Hilton,https://www.hilton.com/en/hotels/lnswvdt-doubletree-resort-lancaster/,https://www.tripadvisor.com/Hotel_Review-g52970-d1777008-Reviews-DoubleTree_Resort_by_Hilton_Hotel_Lancaster-Lancaster_Lancaster_County_Pennsylvania.html
DoubleTree Resort by Hilton Paradise Valley - Scottsdale,Scottsdale,USA,Americas,33.5406,-111.9254,DoubleTree by Hilton,https://www.hilton.com/en/hotels/phxsjdt-doubletree-resort-paradise-valley-scottsdale/,https://www.tripadvisor.com/Hotel_Review-g31350-d217207-Reviews-Doubletree_Resort_By_Hilton_Hotel_Paradise_Valley_Scottsdale-Scottsdale_Arizona.html
DoubleTree Resort by Hilton Penang,Penang,Malaysia,Asia Pacific,5.4641,100.3133,DoubleTree by Hilton,https://www.hilton.com/en/hotels/penmbdi-doubletree-resort-penang/,https://www.tripadvisor.com/Hotel_Review-g635527-d9587279-Reviews-DoubleTree_Resort_By_Hilton_Hotel_Penang-Batu_Ferringhi_Penang_Island_Penang.html
DoubleTree Resort Hollywood Beach,Hollywood,USA,Americas,26.0258,-80.1228,DoubleTree by Hilton,https://www.hilton.com/en/hotels/hwofldt-doubletree-resort-hollywood-beach/,https://www.tripadvisor.com/Hotel_Review-g34296-d217356-Reviews-DoubleTree_Resort_by_Hilton_Hollywood_Beach-Hollywood_Broward_County_Florida.html
DoubleTree Suites by Hilton Orlando - Disney Springs Area,Orlando,USA,Americas,28.3694,-81.516,DoubleTree by Hilton,https://www.hilton.com/en/hotels/mcofhdt-doubletree-suites-orlando/,https://www.tripadvisor.com/Hotel_Review-g34515-d216488-Reviews-DoubleTree_Suites_by_Hilton_Orlando_Disney_Springs_Area-Orlando_Florida.html
Doubletree by Hilton Mazatlan,Mazatlan,Mexico,Americas,23.2494,-106.4111,DoubleTree by Hilton,https://www.hilton.com/en/hotels/mztdtdt-doubletree-mazatlan/,https://www.tripadvisor.com/Hotel_Review-g150792-d12791108-Reviews-DoubleTree_by_Hilton_Mazatlan-Mazatlan_Pacific_Coast.html
Grand Naniloa Hotel Hilo - a DoubleTree by Hilton,Hilo,USA,Americas,19.7241,-155.09,DoubleTree by Hilton,https://www.hilton.com/en/hotels/itohndt-grand-naniloa-hotel-hilo/,https://www.tripadvisor.com/Hotel_Review-g60583-d113096-Reviews-Grand_Naniloa_Hotel_Hilo_A_Doubletree_By_Hilton-Hilo_Island_of_Hawaii_Hawaii.html
Highline Vail - a DoubleTree by Hilton,Vail,USA,Americas,39.6433,-106.3781,DoubleTree by Hilton,https://www.hilton.com/en/hotels/egevcdt-highline-vail/,https://www.tripadvisor.com/Hotel_Review-g33676-d13392161-Reviews-Highline_Vail_a_DoubleTree_by_Hilton-Vail_Colorado.html
Embassy Suites by Hilton Aruba Resort,Palm Beach,Aruba,Americas,12.5667,-70.0167,Embassy Suites by Hilton,https://www.hilton.com/en/hotels/auajmes-embassy-suites-aruba-resort/,https://www.tripadvisor.com/Hotel_Review-g147249-d24927628-Reviews-Embassy_Suites_By_Hilton_Aruba_Beach_Resort-Palm_Eagle_Beach_Aruba.html
Embassy Suites by Hilton Charlotte-Concord-Golf Resort & Spa,Concord,USA,Americas,35.4088,-80.5795,Embassy Suites by Hilton,https://www.hilton.com/en/hotels/cltcces-embassy-suites-charlotte-concord-golf-resort-and-spa/,https://www.tripadvisor.com/Hotel_Review-g49049-d623593-Reviews-Embassy_Suites_By_Hilton_Charlotte_Concord_Golf_Resort_Spa-Concord_North_Carolina.html
Embassy Suites by Hilton Deerfield Beach Resort & Spa,Deerfield Beach,USA,Americas,26.3184,-80.0831,Embassy Suites by Hilton,https://www.hilton.com/en/hotels/deefles-embassy-suites-deerfield-beach-resort-and-spa/,https://www.tripadvisor.com/Hotel_Review-g34176-d87427-Reviews-Embassy_Suites_By_Hilton_Deerfield_Beach_Resort_Spa-Deerfield_Beach_Broward_County_Florid.html
Embassy Suites by Hilton Dorado del Mar Beach Resort,Dorado,Puerto Rico,Americas,18.4579,-66.2681,Embassy Suites by Hilton,https://www.hilton.com/en/hotels/dorpres-embassy-suites-dorado-del-mar-beach-resort/,https://www.tripadvisor.com/Hotel_Review-g147322-d209618-Reviews-Embassy_Suites_by_Hilton_Dorado_del_Mar_Beach_Resort-Dorado_Puerto_Rico.html
Embassy Suites by Hilton Greenville Golf Resort & Conf Ctr,Greenville,USA,Americas,34.8526,-82.394,Embassy Suites by Hilton,https://www.hilton.com/en/hotels/gspeses-embassy-suites-greenville-golf-resort-and-conference-center/,https://www.tripadvisor.com/Hotel_Review-g54258-d103936-Reviews-Embassy_Suites_by_Hilton_Greenville_Golf_Resort_Conference_Center-Greenville_South_Carol.html
Embassy Suites by Hilton Gulf Shores Beach Resort,Gulf Shores,USA,Americas,30.246,-87.7009,Embassy Suites by Hilton,https://www.hilton.com/en/hotels/gufbees-embassy-suites-gulf-shores-beach-resort/,https://www.tripadvisor.com/Hotel_Review-g30582-d31691556-Reviews-Embassy_Suites_By_Hilton_Gulf_Shores_Beach_Resort-Gulf_Shores_Alabama.html
Embassy Suites by Hilton Myrtle Beach Oceanfront Resort,Myrtle Beach,USA,Americas,33.7041,-78.8764,Embassy Suites by Hilton,https://www.hilton.com/en/hotels/myreses-embassy-suites-myrtle-beach-oceanfront-resort/,https://www.tripadvisor.com/Hotel_Review-g54359-d115209-Reviews-Embassy_Suites_by_Hilton_Myrtle_Beach_Oceanfront_Resort-Myrtle_Beach_South_Carolina.html
Embassy Suites by Hilton Orlando Lake Buena Vista Resort,Orlando,USA,Americas,28.386,-81.5077,Embassy Suites by Hilton,https://www.hilton.com/en/hotels/mcowdes-embassy-suites-orlando-lake-buena-vista-resort/,https://www.tripadvisor.com/Hotel_Review-g34515-d84900-Reviews-Embassy_Suites_By_Hilton_Orlando_Lake_Buena_Vista_Resort-Orlando_Florida.html
Embassy Suites by Hilton Orlando Sunset Walk,Orlando,USA,Americas,28.3527,-81.4763,Embassy Suites by Hilton,https://www.hilton.com/en/hotels/mcostes-embassy-suites-orlando-sunset-walk/,https://www.tripadvisor.com/Hotel_Review-g34352-d26231990-Reviews-Embassy_Suites_by_Hilton_Orlando_Sunset_Walk-Kissimmee_Florida.html
Embassy Suites by Hilton Panama City Beach Resort,Panama City Beach,USA,Americas,30.1766,-85.8055,Embassy Suites by Hilton,https://www.hilton.com/en/hotels/ecpppes-embassy-suites-panama-city-beach-resort/,https://www.tripadvisor.com/Hotel_Review-g34543-d25249369-Reviews-Embassy_Suites_by_Hilton_Panama_City_Beach_Resort-Panama_City_Beach_Florida.html
Embassy Suites by Hilton Scottsdale Resort,Scottsdale,USA,Americas,33.6589,-111.8743,Embassy Suites by Hilton,https://www.hilton.com/en/hotels/scteses-embassy-suites-scottsdale-resort/,https://www.tripadvisor.com/Hotel_Review-g31350-d74068-Reviews-Embassy_Suites_By_Hilton_Scottsdale_Resort-Scottsdale_Arizona.html
Embassy Suites by Hilton Virginia Beach Oceanfront Resort,Virginia Beach,USA,Americas,36.8529,-75.978,Embassy Suites by Hilton,https://www.hilton.com/en/hotels/orfanes-embassy-suites-virginia-beach-oceanfront-resort/,https://www.tripadvisor.com/Hotel_Review-g58277-d24948986-Reviews-Embassy_Suites_by_Hilton_Virginia_Beach_Oceanfront_Resort-Virginia_Beach_Virginia.html
Embassy Suites by Hilton Waikiki Beach Walk,Honolulu,USA,Americas,21.2793,-157.831,Embassy Suites by Hilton,https://www.hilton.com/en/hotels/hnleses-embassy-suites-waikiki-beach-walk/,https://www.tripadvisor.com/Hotel_Review-g60982-d615153-Reviews-Embassy_Suites_by_Hilton_Waikiki_Beach_Walk-Honolulu_Oahu_Hawaii.html
Embassy Suites St Augustine Beach Oceanfront Resort,St. Augustine,USA,Americas,29.8946,-81.2651,Embassy Suites by Hilton,https://www.hilton.com/en/hotels/ustboes-embassy-suites-st-augustine-beach-oceanfront-resort/,https://www.tripadvisor.com/Hotel_Review-g34599-d13859773-Reviews-Embassy_Suites_by_Hilton_St_Augustine_Beach_Oceanfront_Resort-St_Augustine_Florida.html
Hampton by Hilton Grand Cayman Seven Mile Beach,George Town,Cayman Islands,Americas,19.3133,-81.3934,Hampton by Hilton,https://www.hilton.com/en/hotels/gcmgchx-hampton-grand-cayman-seven-mile-beach/,https://www.tripadvisor.com/Hotel_Review-g147367-d151089-Reviews-Hampton_by_Hilton_Grand_Cayman_Seven_Mile_Beach-Seven_Mile_Beach_Grand_Cayman_Cayman_Is.html
Hampton by Hilton Marjan Island,Ras Al Khaimah,UAE,Middle East,25.7833,55.95,Hampton by Hilton,https://www.hilton.com/en/hotels/rktmahx-hampton-marjan-island/,https://www.tripadvisor.com/Hotel_Review-g298063-d21327906-Reviews-Hampton_by_Hilton_Marjan_Island-Ras_Al_Khaimah_Emirate_of_Ras_Al_Khaimah.html
Hilton Club The Beach Resort Sesoko,Okinawa,Japan,Asia Pacific,26.6333,127.8667,Hilton Grand Vacation Club,https://www.hilton.com/en/hotels/okasogv-hilton-club-the-beach-resort-sesoko/,https://www.tripadvisor.com/Hotel_Review-g1120808-d23690729-Reviews-Hilton_Club_The_Beach_Resort_Sesoko-Motobu_cho_Kunigami_gun_Okinawa_Prefecture_Kyush.html
Hilton Grand Vacations Club Anderson Ocean Myrtle Beach,Myrtle Beach,USA,Americas,33.7041,-78.8764,Hilton Grand Vacation Club,https://www.hilton.com/en/hotels/myraogv-hilton-grand-vacations-club-anderson-ocean-myrtle-beach/,https://www.tripadvisor.com/Hotel_Review-g54359-d23206043-Reviews-Hilton_Grand_Vacations_Club_Anderson_Ocean_Myrtle_Beach-Myrtle_Beach_South_Carolina.html
Hilton Grand Vacations Club at Hilton Hawaiian Village,Honolulu,USA,Americas,21.2793,-157.8389,Hilton Grand Vacation Club,https://www.hilton.com/en/hotels/hnlhwgv-hilton-grand-vacations-club-at-hilton-hawaiian-village/,https://www.tripadvisor.com/Hotel_Review-g60982-d224616-Reviews-Hilton_Grand_Vacations_Club_At_Hilton_Hawaiian_Village-Honolulu_Oahu_Hawaii.html
Hilton Grand Vacations Club Blue Mountain Canada,Blue Mountain,Canada,Americas,44.5,-80.3167,Hilton Grand Vacation Club,https://www.hilton.com/en/hotels/yyzblgv-hilton-grand-vacations-club-blue-mountain-canada/,https://www.tripadvisor.com/Hotel_Review-g1022639-d472114-Reviews-Hilton_Grand_Vacations_Club_Blue_Mountain_Canada-Blue_Mountains_Grey_County_Ontario.html
Hilton Grand Vacations Club Elara Center Strip Las Vegas,Las Vegas,USA,Americas,36.1175,-115.1728,Hilton Grand Vacation Club,https://www.hilton.com/en/hotels/lascsgv-hilton-grand-vacations-club-elara-center-strip-las-vegas/,https://www.tripadvisor.com/Hotel_Review-g45963-d1639337-Reviews-Hilton_Grand_Vacations_Club_Elara_Center_Strip_Las_Vegas-Las_Vegas_Nevada.html
Hilton Grand Vacations Club Flamingo Las Vegas,Las Vegas,USA,Americas,36.1162,-115.1731,Hilton Grand Vacation Club,https://www.hilton.com/en/hotels/lasflgv-hilton-grand-vacations-club-flamingo-las-vegas/,https://www.tripadvisor.com/Hotel_Review-g45963-d217597-Reviews-Hilton_Grand_Vacations_Club_Flamingo_Las_Vegas-Las_Vegas_Nevada.html
Hilton Grand Vacations Club Grand Waikikian Honolulu,Honolulu,USA,Americas,21.2793,-157.8389,Hilton Grand Vacation Club,https://www.hilton.com/en/hotels/hnlgwgv-hilton-grand-vacations-club-grand-waikikian-honolulu/,https://www.tripadvisor.com/Hotel_Review-g60982-d1199673-Reviews-Hilton_Grand_Vacations_Club_Grand_Waikikian_Honolulu-Honolulu_Oahu_Hawaii.html
Hilton Grand Vacations Club Hokulani Waikiki Honolulu,Honolulu,USA,Americas,21.2793,-157.831,Hilton Grand Vacation Club,https://www.hilton.com/en/hotels/hnlwbgv-hilton-grand-vacations-club-hokulani-waikiki-honolulu/,https://www.tripadvisor.com/Hotel_Review-g60982-d4604031-Reviews-Hilton_Grand_Vacations_Club_Hokulani_Waikiki_Honolulu-Honolulu_Oahu_Hawaii.html
Hilton Grand Vacations Club in Sandestin Golf & Beach Resort,Destin,USA,Americas,30.3935,-86.3452,Hilton Grand Vacation Club,https://www.hilton.com/en/hotels/vpssagv-hilton-grand-vacations-club-in-sandestin-golf-and-beach-resort/,https://www.tripadvisor.com/Hotel_Review-g34614-d267060-Reviews-Hilton_Grand_Vacations_Club_in_Sandestin_Golf_and_Beach_Resort-Sandestin_Miramar_Beach_D.html
Hilton Grand Vacations Club Kings' Land Waikoloa,Waikoloa,USA,Americas,19.9261,-155.886,Hilton Grand Vacation Club,https://www.hilton.com/en/hotels/koaklgv-hilton-grand-vacations-club-kings-land-waikoloa/,https://www.tripadvisor.com/Hotel_Review-g60608-d1404166-Reviews-Hilton_Grand_Vacations_Club_Kings_Land_Waikoloa-Waikoloa_Kohala_Coast_Island_of_Hawaii_.html
Hilton Grand Vacations Club Kohala Suites Waikoloa,Waikoloa,USA,Americas,19.9261,-155.886,Hilton Grand Vacation Club,https://www.hilton.com/en/hotels/koawbgv-hilton-grand-vacations-club-kohala-suites-waikoloa/,https://www.tripadvisor.com/Hotel_Review-g60608-d967966-Reviews-Hilton_Grand_Vacations_Club_Kohala_Suites_Waikoloa-Waikoloa_Kohala_Coast_Island_of_Hawai.html
Hilton Grand Vacations Club La Pacifica Los Cabos,Los Cabos,Mexico,Americas,22.8906,-109.9167,Hilton Grand Vacation Club,https://www.hilton.com/en/hotels/sjdgvgv-hilton-grand-vacations-club-la-pacifica-los-cabos/,https://www.tripadvisor.com/Hotel_Review-g152516-d21294207-Reviews-Hilton_Grand_Vacations_Club_La_Pacifica_Los_Cabos-San_Jose_del_Cabo_Los_Cabos_Baja_Ca.html
Hilton Grand Vacations Club Las Palmeras Orlando,Orlando,USA,Americas,28.3694,-81.516,Hilton Grand Vacation Club,https://www.hilton.com/en/hotels/mcoubgv-hilton-grand-vacations-club-las-palmeras-orlando/,https://www.tripadvisor.com/Hotel_Review-g34515-d813133-Reviews-Hilton_Grand_Vacations_Club_Las_Palmeras_Orlando-Orlando_Florida.html
Hilton Grand Vacations Club MarBrisa Carlsbad,Carlsbad,USA,Americas,33.1581,-117.3506,Hilton Grand Vacation Club,https://www.hilton.com/en/hotels/sanmbgv-hilton-grand-vacations-club-marbrisa-carlsbad/,https://www.tripadvisor.com/Hotel_Review-g32171-d13821720-Reviews-Hilton_Grand_Vacations_Club_MarBrisa_Carlsbad-Carlsbad_California.html
Hilton Grand Vacations Club Maui Bay Villas,Maui,USA,Americas,20.7984,-156.3319,Hilton Grand Vacation Club,https://www.hilton.com/en/hotels/oggmbgv-hilton-grand-vacations-club-maui-bay-villas/,https://www.tripadvisor.com/Hotel_Review-g60632-d23500368-Reviews-Hilton_Grand_Vacations_Club_Maui_Bay_Villas-Kihei_Maui_Hawaii.html
Hilton Grand Vacations Club Ocean 22 Myrtle Beach,Myrtle Beach,USA,Americas,33.7041,-78.8764,Hilton Grand Vacation Club,https://www.hilton.com/en/hotels/myrttgv-hilton-grand-vacations-club-ocean-22-myrtle-beach/,https://www.tripadvisor.com/Hotel_Review-g54359-d7802260-Reviews-Hilton_Grand_Vacations_Club_Ocean_22_Myrtle_Beach-Myrtle_Beach_South_Carolina.html
Hilton Grand Vacations Club Ocean Enclave Myrtle Beach,Myrtle Beach,USA,Americas,33.7041,-78.8764,Hilton Grand Vacation Club,https://www.hilton.com/en/hotels/myroegv-hilton-grand-vacations-club-ocean-enclave-myrtle-beach/,https://www.tripadvisor.com/Hotel_Review-g54359-d16787472-Reviews-Hilton_Grand_Vacations_Club_Ocean_Enclave_Myrtle_Beach-Myrtle_Beach_South_Carolina.html
Hilton Grand Vacations Club Ocean Oak Resort Hilton Head,Hilton Head,USA,Americas,32.1837,-80.7526,Hilton Grand Vacation Club,https://www.hilton.com/en/hotels/hhhgvgv-hilton-grand-vacations-club-ocean-oak-resort-hilton-head/,https://www.tripadvisor.com/Hotel_Review-g54273-d10610838-Reviews-Hilton_Grand_Vacations_Club_Ocean_Oak_Resort_Hilton_Head-Hilton_Head_South_Carolina.html
Hilton Grand Vacations Club Ocean Tower Waikoloa Village,Waikoloa,USA,Americas,19.9261,-155.886,Hilton Grand Vacation Club,https://www.hilton.com/en/hotels/koaotgv-hilton-grand-vacations-club-ocean-tower-waikoloa-village/,https://www.tripadvisor.com/Hotel_Review-g60608-d15222672-Reviews-Hilton_Grand_Vacations_Club_Ocean_Tower_Waikoloa_Village-Waikoloa_Kohala_Coast_Island_.html
Hilton Grand Vacations Club on the Las Vegas Strip,Las Vegas,USA,Americas,36.1175,-115.1728,Hilton Grand Vacation Club,https://www.hilton.com/en/hotels/lasvsgv-hilton-grand-vacations-club-on-the-las-vegas-strip/,https://www.tripadvisor.com/Hotel_Review-g45963-d277720-Reviews-Hilton_Grand_Vacations_Club_on_the_Las_Vegas_Strip-Las_Vegas_Nevada.html
Hilton Grand Vacations Club Paradise Las Vegas,Las Vegas,USA,Americas,36.084,-115.1523,Hilton Grand Vacation Club,https://www.hilton.com/en/hotels/laslvgv-hilton-grand-vacations-club-paradise-las-vegas/,https://www.tripadvisor.com/Hotel_Review-g45963-d234836-Reviews-Hilton_Grand_Vacations_Club_Paradise_Las_Vegas-Las_Vegas_Nevada.html
Hilton Grand Vacations Club Parc Soleil Orlando,Orlando,USA,Americas,28.3694,-81.516,Hilton Grand Vacation Club,https://www.hilton.com/en/hotels/mcomdgv-hilton-grand-vacations-club-parc-soleil-orlando/,https://www.tripadvisor.com/Hotel_Review-g26663395-d1307623-Reviews-Hilton_Grand_Vacations_Club_Parc_Soleil_Orlando-Williamsburg_Orlando_Florida.html
Hilton Grand Vacations Club SeaWorld Orlando,Orlando,USA,Americas,28.4155,-81.4634,Hilton Grand Vacation Club,https://www.hilton.com/en/hotels/orlswgv-hilton-grand-vacations-club-seaworld-orlando/,https://www.tripadvisor.com/Hotel_Review-g34515-d223711-Reviews-Hilton_Grand_Vacations_Club_SeaWorld_Orlando-Orlando_Florida.html
Hilton Grand Vacations Club Sunrise Lodge Park City,Park City,USA,Americas,40.6461,-111.498,Hilton Grand Vacation Club,https://www.hilton.com/en/hotels/slcsegv-hilton-grand-vacations-club-sunrise-lodge-park-city/,https://www.tripadvisor.com/Hotel_Review-g57097-d3606994-Reviews-Hilton_Grand_Vacations_Club_Sunrise_Lodge_Park_City-Park_City_Utah.html
Hilton Grand Vacations Club The Crane Barbados,St. Philip,Barbados,Americas,13.08,-59.4333,Hilton Grand Vacation Club,https://www.hilton.com/en/hotels/bgicrgv-hilton-grand-vacations-club-the-crane-barbados/,https://www.tripadvisor.com/Hotel_Review-g616286-d17573447-Reviews-Hilton_Grand_Vacations_Club_The_Crane_Barbados-Saint_Philip_Parish_Barbados.html
Hilton Grand Vacations Club The Grand Islander Waikiki Honolulu,Honolulu,USA,Americas,21.2793,-157.831,Hilton Grand Vacation Club,https://www.hilton.com/en/hotels/hnldrgv-hilton-grand-vacations-club-the-grand-islander-waikiki-honolulu/,https://www.tripadvisor.com/Hotel_Review-g60982-d11642160-Reviews-Hilton_Grand_Vacations_Club_The_Grand_Islander_Waikiki_Honolulu-Honolulu_Oahu_Hawaii.html
Hilton Grand Vacations Club Tuscany Village Orlando,Orlando,USA,Americas,28.3694,-81.516,Hilton Grand Vacation Club,https://www.hilton.com/en/hotels/orlingv-hilton-grand-vacations-club-tuscany-village-orlando/,https://www.tripadvisor.com/Hotel_Review-g34515-d480622-Reviews-Hilton_Grand_Vacations_Club_Tuscany_Village_Orlando-Orlando_Florida.html
Hilton Grand Vacations Club Valdoro Mountain Lodge Breckenridge,Breckenridge,USA,Americas,39.48,-106.0472,Hilton Grand Vacation Club,https://www.hilton.com/en/hotels/qkbvagv-hilton-grand-vacations-club-valdoro-mountain-lodge-breckenridge/,https://www.tripadvisor.com/Hotel_Review-g33327-d235470-Reviews-Hilton_Grand_Vacations_Club_Valdoro_Mountain_Lodge_Breckenridge-Breckenridge_Colorado.html
Hilton Grand Vacations Club Whistler,Whistler,Canada,Americas,50.1163,-122.9574,Hilton Grand Vacation Club,https://www.hilton.com/en/hotels/ywswhgv-hilton-grand-vacations-club-whistler/,https://www.tripadvisor.com/Hotel_Review-g154948-d186782-Reviews-Hilton_Grand_Vacations_Club_Whistler-Whistler_British_Columbia.html
Hilton Vacation Club Aqua Sol Orlando West,Orlando,USA,Americas,28.3694,-81.516,Hilton Grand Vacation Club,https://www.hilton.com/en/hotels/mcotkgv-hilton-vacation-club-aqua-sol-orlando/,https://www.tripadvisor.com/Hotel_Review-g34745-d86038-Reviews-Hilton_Vacation_Club_Aqua_Sol_Orlando_West-Winter_Garden_Florida.html
Hilton Vacation Club Cabo Azul Los Cabos,Los Cabos,Mexico,Americas,22.8906,-109.9167,Hilton Grand Vacation Club,https://www.hilton.com/en/hotels/sjdcagv-hilton-vacation-club-cabo-azul-los-cabos/,https://www.tripadvisor.com/Hotel_Review-g152516-d652753-Reviews-Hilton_Vacation_Club_Cabo_Azul_Los_Cabos-San_Jose_del_Cabo_Los_Cabos_Baja_California.html
Hilton Vacation Club Cancun Resort Las Vegas,Las Vegas,USA,Americas,36.1175,-115.1728,Hilton Grand Vacation Club,https://www.hilton.com/en/hotels/lascngv-hilton-vacation-club-cancun-resort-las-vegas/,https://www.tripadvisor.com/Hotel_Review-g45963-d277719-Reviews-Hilton_Vacation_Club_Cancun_Resort_Las_Vegas-Las_Vegas_Nevada.html
Hilton Vacation Club Cypress Pointe Orlando,Orlando,USA,Americas,28.3694,-81.516,Hilton Grand Vacation Club,https://www.hilton.com/en/hotels/mcotrgv-hilton-vacation-club-cypress-pointe-orlando/,https://www.tripadvisor.com/Hotel_Review-g34515-d262665-Reviews-Hilton_Vacation_Club_Cypress_Pointe_Orlando-Orlando_Florida.html
Hilton Vacation Club Daytona Beach Regency,Daytona Beach,USA,Americas,29.2108,-81.0228,Hilton Grand Vacation Club,https://www.hilton.com/en/hotels/dabdbgv-hilton-vacation-club-daytona-beach-regency/,https://www.tripadvisor.com/Hotel_Review-g34172-d84341-Reviews-Hilton_Vacation_Club_Daytona_Beach_Regency-Daytona_Beach_Florida.html
Hilton Vacation Club Flamingo Beach St. Maarten,St. Maarten,Sint Maarten,Americas,18.045,-63.0685,Hilton Grand Vacation Club,https://www.hilton.com/en/hotels/sxmflgv-hilton-vacation-club-flamingo-beach-st-maarten/,https://www.tripadvisor.com/Hotel_Review-g23085038-d151247-Reviews-Hilton_Vacation_Club_Flamingo_Beach_St_Maarten-Pelican_Key_Sint_Maarten_St_Martin_St_.html
Hilton Vacation Club Grand Beach Orlando,Orlando,USA,Americas,28.3694,-81.516,Hilton Grand Vacation Club,https://www.hilton.com/en/hotels/mcobegv-hilton-vacation-club-grand-beach-orlando/,https://www.tripadvisor.com/Hotel_Review-g34515-d85347-Reviews-Hilton_Vacation_Club_Grand_Beach_Orlando-Orlando_Florida.html
Hilton Vacation Club Greensprings Williamsburg,Williamsburg,USA,Americas,37.2707,-76.7075,Hilton Grand Vacation Club,https://www.hilton.com/en/hotels/phflugv-hilton-vacation-club-greensprings-williamsburg/,https://www.tripadvisor.com/Hotel_Review-g58313-d239952-Reviews-Hilton_Vacation_Club_Greensprings_Williamsburg-Williamsburg_Virginia.html
Hilton Vacation Club Ka'anapali Beach Maui,Maui,USA,Americas,20.9313,-156.6925,Hilton Grand Vacation Club,https://www.hilton.com/en/hotels/jhmkagv-hilton-vacation-club-kaanapali-beach-maui/,https://www.tripadvisor.com/Hotel_Review-g27997695-d120688-Reviews-Hilton_Vacation_Club_Ka_anapali_Beach_Maui-Kaanapali_Maui_Hawaii.html
Hilton Vacation Club Lake Tahoe Resort South,Lake Tahoe,USA,Americas,38.9999,-119.9438,Hilton Grand Vacation Club,https://www.hilton.com/en/hotels/tvlvagv-hilton-vacation-club-lake-tahoe-resort/,https://www.tripadvisor.com/Hotel_Review-g1798615-d225155-Reviews-Hilton_Vacation_Club_Lake_Tahoe_Resort_South-South_Lake_Tahoe_Lake_Tahoe_California_Ca.html
Hilton Vacation Club Los Abrigados Resort & Spa Sedona,Sedona,USA,Americas,34.8697,-111.761,Hilton Grand Vacation Club,https://www.hilton.com/en/hotels/sdxplgv-hilton-vacation-club-los-abrigados-sedona/,https://www.tripadvisor.com/Hotel_Review-g31352-d74261-Reviews-Hilton_Vacation_Club_Los_Abrigados_Resort_Spa_Sedona-Sedona_Arizona.html
Hilton Vacation Club Mystic Dunes Orlando,Celebration,USA,Americas,28.319,-81.5437,Hilton Grand Vacation Club,https://www.hilton.com/en/hotels/ismmygv-hilton-vacation-club-mystic-dunes-orlando/,https://www.tripadvisor.com/Hotel_Review-g34127-d254748-Reviews-Hilton_Vacation_Club_Mystic_Dunes_Orlando-Celebration_Orlando_Florida.html
Hilton Vacation Club Ocean Beach Club Virginia Beach,Virginia Beach,USA,Americas,36.8529,-75.978,Hilton Grand Vacation Club,https://www.hilton.com/en/hotels/orfavgv-hilton-vacation-ocean-beach-club/,https://www.tripadvisor.com/Hotel_Review-g58277-d589372-Reviews-Hilton_Vacation_Club_Ocean_Beach_Club_Virginia_Beach-Virginia_Beach_Virginia.html
Hilton Vacation Club Oceanaire Virginia Beach,Virginia Beach,USA,Americas,36.8529,-75.978,Hilton Grand Vacation Club,https://www.hilton.com/en/hotels/orfaigv-hilton-vacation-club-oceanaire-virginia-beach/,https://www.tripadvisor.com/Hotel_Review-g58277-d3247018-Reviews-Hilton_Vacation_Club_Oceanaire_Virginia_Beach-Virginia_Beach_Virginia.html
Hilton Vacation Club Palm Canyon Palm Springs,Palm Springs,USA,Americas,33.8303,-116.5453,Hilton Grand Vacation Club,https://www.hilton.com/en/hotels/pspspgv-hilton-vacation-club-palm-canyon-palm-springs/,https://www.tripadvisor.com/Hotel_Review-g32847-d503504-Reviews-Hilton_Vacation_Club_Palm_Canyon_Palm_Springs-Palm_Springs_Greater_Palm_Springs_Californ.html
Hilton Vacation Club Polynesian Isles Kissimmee,Kissimmee,USA,Americas,28.292,-81.4073,Hilton Grand Vacation Club,https://www.hilton.com/en/hotels/mcopygv-hilton-vacation-club-polynesian-isles-kissimmee/,https://www.tripadvisor.com/Hotel_Review-g34352-d88560-Reviews-Hilton_Vacation_Club_Polynesian_Isles_Kissimmee-Kissimmee_Florida.html
Hilton Vacation Club Rancho Manana Phoenix/Cave Creek,Cave Creek,USA,Americas,33.8333,-111.95,Hilton Grand Vacation Club,https://www.hilton.com/en/hotels/phxragv-hilton-vacation-club-rancho-manana/,https://www.tripadvisor.com/Hotel_Review-g31187-d2521631-Reviews-Hilton_Vacation_Club_Rancho_Manana_Phoenix_Cave_Creek-Cave_Creek_Arizona.html
Hilton Vacation Club Ridge on Sedona,Sedona,USA,Americas,34.8697,-111.761,Hilton Grand Vacation Club,https://www.hilton.com/en/hotels/flgrigv-hilton-vacation-club-ridge-on-sedona/,https://www.tripadvisor.com/Hotel_Review-g4813352-d125249-Reviews-Hilton_Vacation_Club_Ridge_on_Sedona-Village_of_Oak_Creek_Arizona.html
Hilton Vacation Club Riviera Beach & Shores,San Clemente,USA,Americas,33.427,-117.612,Hilton Grand Vacation Club,https://www.hilton.com/en/hotels/snarbgv-hilton-vacation-club-riviera-beach-and-shores/,https://www.tripadvisor.com/Hotel_Review-g32279-d675118-Reviews-Hilton_Vacation_Club_Riviera_Beach_Shores-Dana_Point_California.html
Hilton Vacation Club Royal Palm St. Maarten,St. Maarten,Sint Maarten,Americas,18.045,-63.0685,Hilton Grand Vacation Club,https://www.hilton.com/en/hotels/sxmrogv-hilton-vacation-club-royal-palm-st-maarten/,https://www.tripadvisor.com/Hotel_Review-g147347-d151326-Reviews-Hilton_Vacation_Club_Royal_Palm_St_Maarten-Philipsburg_Sint_Maarten_St_Martin_St_Maarte.html
Hilton Vacation Club Scottsdale Links Resort,Scottsdale,USA,Americas,33.6589,-111.8743,Hilton Grand Vacation Club,https://www.hilton.com/en/hotels/phxregv-hilton-vacation-club-scottsdale-links-resort/,https://www.tripadvisor.com/Hotel_Review-g31350-d74399-Reviews-Hilton_Vacation_Club_Scottsdale_Links_Resort-Scottsdale_Arizona.html
Hilton Vacation Club Scottsdale Villa Mirage,Scottsdale,USA,Americas,33.6589,-111.8743,Hilton Grand Vacation Club,https://www.hilton.com/en/hotels/phxmrgv-hilton-vacation-club-scottsdale-villa-mirage/,https://www.tripadvisor.com/Hotel_Review-g31350-d240035-Reviews-Hilton_Vacation_Club_Scottsdale_Villa_Mirage-Scottsdale_Arizona.html
Hilton Vacation Club Sedona Summit,Sedona,USA,Americas,34.8697,-111.761,Hilton Grand Vacation Club,https://www.hilton.com/en/hotels/flgsegv-hilton-vacation-club-sedona-summit/,https://www.tripadvisor.com/Hotel_Review-g31352-d225514-Reviews-Hilton_Vacation_Club_Sedona_Summit-Sedona_Arizona.html
Hilton Vacation Club The Cove on Ormond Beach,Ormond Beach,USA,Americas,29.286,-81.0562,Hilton Grand Vacation Club,https://www.hilton.com/en/hotels/dabcogv-hilton-vacation-club-the-cove-on-ormond-beach/,https://www.tripadvisor.com/Hotel_Review-g34517-d85506-Reviews-Hilton_Vacation_Club_The_Cove_on_Ormond_Beach-Ormond_Beach_Florida.html
Hilton Vacation Club The Historic Powhatan Williamsburg,Williamsburg,USA,Americas,37.2707,-76.7075,Hilton Grand Vacation Club,https://www.hilton.com/en/hotels/phfpogv-hilton-vacation-club-the-historic-powhatan-williamsburg/,https://www.tripadvisor.com/Hotel_Review-g58313-d239953-Reviews-Hilton_Vacation_Club_The_Historic_Powhatan_Williamsburg-Williamsburg_Virginia.html
Hilton Vacation Club The Modern Honolulu,Honolulu,USA,Americas,21.2793,-157.831,Hilton Grand Vacation Club,https://www.hilton.com/en/hotels/hnlmogv-hilton-vacation-club-the-modern-honolulu/,https://www.tripadvisor.com/Hotel_Review-g60982-d1818106-Reviews-Hilton_Vacation_Club_The_Modern_Honolulu-Honolulu_Oahu_Hawaii.html
"Beach House Fort Lauderdale, a Hilton Resort",Fort Lauderdale,USA,Americas,26.1224,-80.1034,Hilton Hotels & Resorts,https://www.hilton.com/en/hotels/fllfshh-beach-house-fort-lauderdale/,https://www.tripadvisor.com/Hotel_Review-g34227-d619451-Reviews-Beach_House_Fort_Lauderdale_A_Hilton_Resort-Fort_Lauderdale_Broward_County_Florida.html
"Cape Rey Carlsbad Beach, a Hilton Resort and Spa",Carlsbad,USA,Americas,33.1581,-117.3506,Hilton Hotels & Resorts,https://www.hilton.com/en/hotels/sanrshf-cape-rey-carlsbad-beach/,https://www.tripadvisor.com/Hotel_Review-g32171-d2614364-Reviews-Cape_Rey_Carlsbad_Beach_A_Hilton_Resort_And_Spa-Carlsbad_California.html
Caribe Hilton,San Juan,Puerto Rico,Americas,18.4655,-66.1057,Hilton Hotels & Resorts,https://www.hilton.com/en/hotels/sjnhihh-caribe-hilton/,https://www.tripadvisor.com/Hotel_Review-g147320-d149921-Reviews-Caribe_Hilton_Hotel-San_Juan_Puerto_Rico.html
"El Conquistador Tucson, A Hilton Resort",Tucson,USA,Americas,32.37,-110.9747,Hilton Hotels & Resorts,https://www.hilton.com/en/hotels/tushthh-el-conquistador-tucson/,https://www.tripadvisor.com/Hotel_Review-g60950-d74588-Reviews-El_Conquistador_Tucson_A_Hilton_Resort-Tucson_Arizona.html
Hilton Abu Dhabi Yas Island,Abu Dhabi,UAE,Middle East,24.4707,54.6033,Hilton Hotels & Resorts,https://www.hilton.com/en/hotels/auhyihi-hilton-abu-dhabi-yas-island/,https://www.tripadvisor.com/Hotel_Review-g294013-d23039049-Reviews-Hilton_Abu_Dhabi_Yas_Island-Abu_Dhabi_Emirate_of_Abu_Dhabi.html
Hilton Alexandria Corniche,Alexandria,Egypt,Middle East,31.2001,29.9187,Hilton Hotels & Resorts,https://www.hilton.com/en/hotels/alyachi-hilton-alexandria-corniche/,https://www.tripadvisor.com/Hotel_Review-g295398-d299704-Reviews-Hilton_Alexandria_Corniche-Alexandria_Alexandria_Governorate.html
Hilton Alexandria King's Ranch,Alexandria,Egypt,Middle East,31.2001,29.9187,Hilton Hotels & Resorts,https://www.hilton.com/en/hotels/alykrhi-hilton-alexandria-kings-ranch/,https://www.tripadvisor.com/Hotel_Review-g295398-d7319768-Reviews-Hilton_Alexandria_King_s_Ranch-Alexandria_Alexandria_Governorate.html
Hilton Anatole,Dallas,USA,Americas,32.7877,-96.8286,Hilton Hotels & Resorts,https://www.hilton.com/en/hotels/dfwanhh-hilton-anatole/,https://www.tripadvisor.com/Hotel_Review-g55711-d98731-Reviews-Hilton_Anatole-Dallas_Texas.html
Hilton Aruba Caribbean Resort & Casino,Palm Beach,Aruba,Americas,12.5667,-70.0167,Hilton Hotels & Resorts,https://www.hilton.com/en/hotels/auahhhh-hilton-aruba-caribbean-resort-and-casino/,https://www.tripadvisor.com/Hotel_Review-g147249-d147621-Reviews-Hilton_Aruba_Caribbean_Resort_Casino-Palm_Eagle_Beach_Aruba.html
Hilton Bali Resort,Bali,Indonesia,Asia Pacific,-8.8291,115.213,Hilton Hotels & Resorts,https://www.hilton.com/en/hotels/dpsbahi-hilton-bali-resort/,https://www.tripadvisor.com/Hotel_Review-g297698-d301929-Reviews-Hilton_Bali_Resort-Nusa_Dua_Benoa_South_Kuta_Bali.html
Hilton Barbados Resort,Bridgetown,Barbados,Americas,13.0667,-59.6167,Hilton Hotels & Resorts,https://www.hilton.com/en/hotels/bgihihh-hilton-barbados-resort/,https://www.tripadvisor.com/Hotel_Review-g147263-d154114-Reviews-Hilton_Barbados_Resort-Bridgetown_Saint_Michael_Parish_Barbados.html
Hilton Beachfront Resort and Spa Hilton Head Island,Hilton Head Island,USA,Americas,32.1837,-80.7526,Hilton Hotels & Resorts,https://www.hilton.com/en/hotels/hhhrshh-hilton-beachfront-resort-and-spa-hilton-head-island/,https://www.tripadvisor.com/Hotel_Review-g54273-d223882-Reviews-Hilton_Beachfront_Resort_And_Spa_Hilton_Head_Island-Hilton_Head_South_Carolina.html
Hilton Bentley Miami/South Beach,Miami Beach,USA,Americas,25.78,-80.13,Hilton Hotels & Resorts,https://www.hilton.com/en/hotels/miabmhf-hilton-bentley-miami-south-beach/,https://www.tripadvisor.com/Hotel_Review-g34439-d324044-Reviews-Hilton_Bentley_Miami_South_Beach-Miami_Beach_Florida.html
Hilton Cabana Miami Beach Resort,Miami Beach,USA,Americas,25.7993,-80.1319,Hilton Hotels & Resorts,https://www.hilton.com/en/hotels/miambhf-hilton-cabana-miami-beach-resort/,https://www.tripadvisor.com/Hotel_Review-g34439-d4928161-Reviews-Hilton_Cabana_Miami_Beach_Resort-Miami_Beach_Florida.html
Hilton Cabo Verde Sal Resort,Sal,Cape Verde,Africa,16.7333,-22.9333,Hilton Hotels & Resorts,https://www.hilton.com/en/hotels/sidcvhi-hilton-cabo-verde-sal-resort/,https://www.tripadvisor.com/Hotel_Review-g482848-d12617667-Reviews-Hilton_Cabo_Verde_Sal_Resort-Santa_Maria_Ilha_do_Sal.html
Hilton Cancun Mar Caribe All-Inclusive Resort,Cancun,Mexico,Americas,21.1619,-86.8515,Hilton Hotels & Resorts,https://www.hilton.com/en/hotels/cunmchh-hilton-cancun-mar-caribe-all-inclusive-resort/,https://www.tripadvisor.com/Hotel_Review-g150807-d186909-Reviews-Hilton_Cancun_Mar_Caribe_All_inclusive_Resort-Cancun_Yucatan_Peninsula.html
"Hilton Cancun, an All-Inclusive Resort",Cancun,Mexico,Americas,21.1619,-86.8515,Hilton Hotels & Resorts,https://www.hilton.com/en/hotels/cunqrhh-hilton-cancun/,https://www.tripadvisor.com/Hotel_Review-g150807-d23146248-Reviews-Hilton_Cancun_an_All_Inclusive_Resort-Cancun_Yucatan_Peninsula.html
Hilton Cartagena Hotel,Cartagena,Colombia,Americas,10.3932,-75.4832,Hilton Hotels & Resorts,https://www.hilton.com/en/hotels/ctghihh-hilton-cartagena-hotel/,https://www.tripadvisor.com/Hotel_Review-g297476-d300666-Reviews-Hilton_Cartagena_Hotel-Cartagena_Cartagena_District_Bolivar_Department.html
Hilton Chicago/Oak Brook Hills Resort & Conference Center,Oak Brook,USA,Americas,41.8508,-87.9401,Hilton Hotels & Resorts,https://www.hilton.com/en/hotels/chibhhh-hilton-chicago-oak-brook-hills-resort-and-conference-center/,https://www.tripadvisor.com/Hotel_Review-g36468-d87933-Reviews-Hilton_Chicago_oak_Brook_Hills_Resort_Conference_Center-Oak_Brook_DuPage_County_Illinois.html
Hilton Clark Sun Valley Resort,Clark,Philippines,Asia Pacific,15.179,120.539,Hilton Hotels & Resorts,https://www.hilton.com/en/hotels/crkpphi-hilton-clark-sun-valley-resort/,https://www.tripadvisor.com/Hotel_Review-g3336531-d17438090-Reviews-Hilton_Clark_Sun_Valley_Resort-Clark_Freeport_Zone_Pampanga_Province_Central_Luzon_R.html
Hilton Clearwater Beach Resort & Spa,Clearwater Beach,USA,Americas,27.9768,-82.8272,Hilton Hotels & Resorts,https://www.hilton.com/en/hotels/piecbhf-hilton-clearwater-beach-resort-and-spa/,https://www.tripadvisor.com/Hotel_Review-g34141-d84249-Reviews-Hilton_Clearwater_Beach_Resort_Spa-Clearwater_Florida.html
Hilton Dalaman Sarigerme Resort & Spa,Dalaman,Turkey,Europe,36.7333,28.7667,Hilton Hotels & Resorts,https://www.hilton.com/en/hotels/dlmhrhi-hilton-dalaman-sarigerme-resort-and-spa/,https://www.tripadvisor.com/Hotel_Review-g663346-d1415191-Reviews-Hilton_Dalaman_Sarigerme_Resort_Spa-Sarigerme_Mugla_Province_Turkish_Aegean_Coast.html
Hilton Dali Resort & Spa,Dali,China,Asia Pacific,25.6941,100.16,Hilton Hotels & Resorts,https://www.hilton.com/en/hotels/dlugthi-hilton-dali-resort-and-spa/,https://www.tripadvisor.com/Hotel_Review-g303781-d9456815-Reviews-Hilton_Dali_Resort_SPA-Dali_Dali_Bai_Autonomous_Prefecture_Yunnan.html
Hilton Dalian Golden Pebble Beach Resort,Dalian,China,Asia Pacific,38.914,121.6147,Hilton Hotels & Resorts,https://www.hilton.com/en/hotels/dlcdchi-hilton-dalian-golden-pebble-beach-resort/,https://www.tripadvisor.com/Hotel_Review-g297452-d14135358-Reviews-Hilton_Dalian_Golden_Pebble_Beach_Resort-Dalian_Liaoning.html
Hilton Dallas/Rockwall Lakefront,Rockwall,USA,Americas,32.93,-96.4597,Hilton Hotels & Resorts,https://www.hilton.com/en/hotels/dalrwhf-hilton-dallas-rockwall-lakefront/,https://www.tripadvisor.com/Hotel_Review-g56567-d1028763-Reviews-Hilton_Dallas_Rockwall_Lakefront-Rockwall_Texas.html
Hilton Daytona Beach Oceanfront Resort,Daytona Beach,USA,Americas,29.2108,-81.0228,Hilton Hotels & Resorts,https://www.hilton.com/en/hotels/dabdhhf-hilton-daytona-beach-oceanfront-resort/,https://www.tripadvisor.com/Hotel_Review-g34172-d111541-Reviews-Hilton_Daytona_Beach_Oceanfront_Resort-Daytona_Beach_Florida.html
Hilton Dead Sea Resort & Spa,Sweimeh,Jordan,Middle East,31.7667,35.5833,Hilton Hotels & Resorts,https://www.hilton.com/en/hotels/ammdshi-hilton-dead-sea-resort-and-spa/,https://www.tripadvisor.com/Hotel_Review-g951923-d7178246-Reviews-Hilton_Dead_Sea_Resort_Spa-Sweimah_Dead_Sea_Region.html
Hilton Doha,Doha,Qatar,Middle East,25.2854,51.531,Hilton Hotels & Resorts,https://www.hilton.com/en/hotels/dohhdhi-hilton-doha/,https://www.tripadvisor.com/Hotel_Review-g294009-d2216044-Reviews-Hilton_Doha-Doha.html
Hilton Doha The Pearl,Doha,Qatar,Middle East,25.3725,51.5505,Hilton Hotels & Resorts,https://www.hilton.com/en/hotels/dohprhi-hilton-doha-the-pearl/,https://www.tripadvisor.com/Hotel_Review-g294009-d19106093-Reviews-Hilton_Doha_The_Pearl-Doha.html
Hilton Dubai Jumeirah,Dubai,UAE,Middle East,25.097,55.1447,Hilton Hotels & Resorts,https://www.hilton.com/en/hotels/dxbjbhi-hilton-dubai-jumeirah/,https://www.tripadvisor.com/Hotel_Review-g295424-d306662-Reviews-Hilton_Dubai_Jumeirah-Dubai_Emirate_of_Dubai.html
Hilton Dubai Palm Jumeirah,Dubai,UAE,Middle East,25.1124,55.139,Hilton Hotels & Resorts,https://www.hilton.com/en/hotels/dxbpjhi-hilton-dubai-palm-jumeirah/,https://www.tripadvisor.com/Hotel_Review-g295424-d24851391-Reviews-Hilton_Dubai_Palm_Jumeirah-Dubai_Emirate_of_Dubai.html
Hilton Dubai The Walk,Dubai,UAE,Middle East,25.0781,55.1305,Hilton Hotels & Resorts,https://www.hilton.com/en/hotels/dxbbrhi-hilton-dubai-the-walk/,https://www.tripadvisor.com/Hotel_Review-g295424-d2526254-Reviews-Hilton_Dubai_The_Walk-Dubai_Emirate_of_Dubai.html
Hilton Fiji Beach Resort and Spa,Nadi,Fiji,Asia Pacific,-17.7833,177.4167,Hilton Hotels & Resorts,https://www.hilton.com/en/hotels/nanhihi-hilton-fiji-beach-resort-and-spa/,https://www.tripadvisor.com/Hotel_Review-g612490-d616998-Reviews-Hilton_Fiji_Beach_Resort_Spa-Denarau_Island_Viti_Levu.html
Hilton Fort Lauderdale Marina,Fort Lauderdale,USA,Americas,26.1224,-80.1034,Hilton Hotels & Resorts,https://www.hilton.com/en/hotels/fllgrhh-hilton-fort-lauderdale-marina/,https://www.tripadvisor.com/Hotel_Review-g34227-d84471-Reviews-Hilton_Fort_Lauderdale_Marina-Fort_Lauderdale_Broward_County_Florida.html
Hilton Frankfurt Gravenbruch,Frankfurt,Germany,Europe,50.0259,8.835,Hilton Hotels & Resorts,https://www.hilton.com/en/hotels/frahghi-hilton-frankfurt-gravenbruch/,https://www.tripadvisor.com/Hotel_Review-g198581-d273504-Reviews-Hilton_Frankfurt_Gravenbruch-Neu_Isenburg_Hesse.html
Hilton Galveston Island Resort,Galveston,USA,Americas,29.2108,-94.8639,Hilton Hotels & Resorts,https://www.hilton.com/en/hotels/glsgihf-hilton-galveston-island-resort/,https://www.tripadvisor.com/Hotel_Review-g55879-d122738-Reviews-Hilton_Galveston_Island_Resort-Galveston_Galveston_Island_Texas.html
Hilton Goa Resort,Goa,India,Asia Pacific,15.4989,73.8278,Hilton Hotels & Resorts,https://www.hilton.com/en/hotels/goishhi-hilton-goa-resort/,https://www.tripadvisor.com/Hotel_Review-g297605-d15236908-Reviews-Hilton_Goa_Resort-Candolim_Bardez_North_Goa_District_Goa.html
Hilton Guam Resort & Spa,Tumon,Guam,Asia Pacific,13.5135,144.7981,Hilton Hotels & Resorts,https://www.hilton.com/en/hotels/gumhitw-hilton-guam-resort-and-spa/,https://www.tripadvisor.com/Hotel_Review-g60678-d307181-Reviews-Hilton_Guam_Resort_Spa-Tumon_Tamuning_Guam.html
Hilton Gyeongju,Gyeongju,South Korea,Asia Pacific,35.8562,129.225,Hilton Hotels & Resorts,https://www.hilton.com/en/hotels/kyohitw-hilton-gyeongju/,https://www.tripadvisor.com/Hotel_Review-g297888-d308055-Reviews-Hilton_Gyeongju-Gyeongju_Gyeongsangbuk_do.html
Hilton Hangzhou Qiandao Lake Resort,Hangzhou,China,Asia Pacific,29.606,118.996,Hilton Hotels & Resorts,https://www.hilton.com/en/hotels/hghlrhi-hilton-hangzhou-qiandao-lake-resort/,https://www.tripadvisor.com/Hotel_Review-g635525-d2193576-Reviews-Hilton_Hangzhou_Qiandao_Lake_Resort-Chun_an_County_Zhejiang.html
Hilton Hawaiian Village Waikiki Beach Resort,Honolulu,USA,Americas,21.2793,-157.8389,Hilton Hotels & Resorts,https://www.hilton.com/en/hotels/hnlhvhh-hilton-hawaiian-village-waikiki-beach-resort/,https://www.tripadvisor.com/Hotel_Review-g60982-d87016-Reviews-Hilton_Hawaiian_Village_Waikiki_Beach_Resort-Honolulu_Oahu_Hawaii.html
Hilton Hotel Tahiti,Papeete,French Polynesia,Asia Pacific,-17.5334,-149.5693,Hilton Hotels & Resorts,https://www.hilton.com/en/hotels/ppthihh-hilton-hotel-tahiti/,https://www.tripadvisor.com/Hotel_Review-g1190275-d23416500-Reviews-Hilton_Hotel_Tahiti-Faa_a_Tahiti_Society_Islands.html
Hilton Hua Hin Resort & Spa,Hua Hin,Thailand,Asia Pacific,12.5667,99.9667,Hilton Hotels & Resorts,https://www.hilton.com/en/hotels/hhqhihi-hilton-hua-hin-resort-and-spa/,https://www.tripadvisor.com/Hotel_Review-g297922-d305917-Reviews-Hilton_Hua_Hin_Resort_Spa-Hua_Hin_Prachuap_Khiri_Khan_Province.html
Hilton Huizhou Longmen Resort,Huizhou,China,Asia Pacific,23.8833,114.4167,Hilton Hotels & Resorts,https://www.hilton.com/en/hotels/huzlhhi-hilton-huizhou-longmen-resort/,https://www.tripadvisor.com/Hotel_Review-g1409044-d12912505-Reviews-Hilton_Huizhou_Longmen_Resort-Longmen_County_Guangdong.html
Hilton Hurghada Plaza,Hurghada,Egypt,Middle East,27.2579,33.8116,Hilton Hotels & Resorts,https://www.hilton.com/en/hotels/hrghitw-hilton-hurghada-plaza/,https://www.tripadvisor.com/Hotel_Review-g297549-d308117-Reviews-Hilton_Hurghada_Plaza-Hurghada_Red_Sea_and_Sinai.html
Hilton La Jolla Torrey Pines,La Jolla,USA,Americas,32.905,-117.234,Hilton Hotels & Resorts,https://www.hilton.com/en/hotels/santphh-hilton-la-jolla-torrey-pines/,https://www.tripadvisor.com/Hotel_Review-g32578-d218747-Reviews-Hilton_La_Jolla_Torrey_Pines-La_Jolla_San_Diego_California.html
Hilton Lake Las Vegas Resort & Spa,Henderson,USA,Americas,36.0553,-114.9418,Hilton Hotels & Resorts,https://www.hilton.com/en/hotels/laslkhf-hilton-lake-las-vegas-resort-and-spa/,https://www.tripadvisor.com/Hotel_Review-g45953-d268447-Reviews-Hilton_Lake_Las_Vegas_Resort_Spa-Henderson_Nevada.html
Hilton Los Cabos Beach & Golf Resort,Los Cabos,Mexico,Americas,22.8906,-109.9167,Hilton Hotels & Resorts,https://www.hilton.com/en/hotels/sjdlchh-hilton-los-cabos-beach-and-golf-resort/,https://www.tripadvisor.com/Hotel_Review-g152516-d21294207-Reviews-Hilton_Grand_Vacations_Club_La_Pacifica_Los_Cabos-San_Jose_del_Cabo_Los_Cabos_Baja_Ca.html
Hilton Luxor Resort & Spa,Luxor,Egypt,Middle East,25.6872,32.6396,Hilton Hotels & Resorts,https://www.hilton.com/en/hotels/luxhitw-hilton-luxor-resort-and-spa/,https://www.tripadvisor.com/Hotel_Review-g294205-d305085-Reviews-Hilton_Luxor_Resort_Spa-Luxor_Nile_River_Valley.html
Hilton Maldives Amingiri Resort & Spa,Amingiri,Maldives,Asia Pacific,4.25,73.5833,Hilton Hotels & Resorts,https://www.hilton.com/en/hotels/mleaihi-hilton-maldives-amingiri-resort-and-spa/,https://www.tripadvisor.com/Hotel_Review-g298332-d24069570-Reviews-Hilton_Maldives_Amingiri_Resort_Spa-North_Male_Atoll.html
Hilton Mallorca Galatzo,Mallorca,Spain,Europe,39.55,2.65,Hilton Hotels & Resorts,https://www.hilton.com/en/hotels/pmicchi-hilton-mallorca-galatzo/,https://www.tripadvisor.com/Hotel_Review-g580307-d500716-Reviews-Hilton_Mallorca_Galatzo-Peguera_Calvia_Majorca_Balearic_Islands.html
Hilton Malta,St. Julian's,Malta,Europe,35.9167,14.4833,Hilton Hotels & Resorts,https://www.hilton.com/en/hotels/mlahitw-hilton-malta/,https://www.tripadvisor.com/Hotel_Review-g227101-d227152-Reviews-Hilton_Malta-Saint_Julian_s_Island_of_Malta.html
Hilton Marco Island Beach Resort,Marco Island,USA,Americas,25.9423,-81.7201,Hilton Hotels & Resorts,https://www.hilton.com/en/hotels/mrkmhhf-hilton-marco-island-beach-resort-and-spa/,https://www.tripadvisor.com/Hotel_Review-g34420-d209410-Reviews-Hilton_Marco_Island_Beach_Resort_and_Spa-Marco_Island_Florida.html
Hilton Marsa Alam Nubian Resort,Marsa Alam,Egypt,Middle East,25.0667,34.8833,Hilton Hotels & Resorts,https://www.hilton.com/en/hotels/rmfhihi-hilton-marsa-alam-nubian-resort/,https://www.tripadvisor.com/Hotel_Review-g311425-d2149073-Reviews-Hilton_Marsa_Alam_Nubian_Resort-Marsa_Alam_Red_Sea_and_Sinai.html
Hilton Mauritius Resort & Spa,Flic-en-Flac,Mauritius,Africa,-20.2833,57.3667,Hilton Hotels & Resorts,https://www.hilton.com/en/hotels/mruhihi-hilton-mauritius-resort-and-spa/,https://www.tripadvisor.com/Hotel_Review-g298343-d299624-Reviews-Hilton_Mauritius_Resort_Spa-Flic_En_Flac.html
Hilton Moorea Lagoon Resort and Spa,Moorea,French Polynesia,Asia Pacific,-17.5,-149.8333,Hilton Hotels & Resorts,https://www.hilton.com/en/hotels/pptmlhh-hilton-moorea-lagoon-resort-and-spa/,https://www.tripadvisor.com/Hotel_Review-g1918344-d301841-Reviews-Hilton_Moorea_Lagoon_Resort_Spa-Papetoai_Moorea_Society_Islands.html
Hilton Myrtle Beach Resort,Myrtle Beach,USA,Americas,33.7041,-78.8764,Hilton Hotels & Resorts,https://www.hilton.com/en/hotels/myrbhhh-hilton-myrtle-beach-resort/,https://www.tripadvisor.com/Hotel_Review-g54359-d111927-Reviews-Hilton_Myrtle_Beach_Resort-Myrtle_Beach_South_Carolina.html
Hilton Nanjing Niushoushan,Nanjing,China,Asia Pacific,31.67,118.83,Hilton Hotels & Resorts,https://www.hilton.com/en/hotels/nkgnshi-hilton-nanjing-niushoushan/,https://www.tripadvisor.com/Hotel_Review-g294220-d26109625-Reviews-Hilton_Nanjing_Niushoushan-Nanjing_Jiangsu.html
Hilton Ningbo Dongqian Lake,Ningbo,China,Asia Pacific,29.8047,121.5654,Hilton Hotels & Resorts,https://www.hilton.com/en/hotels/ngbqahi-hilton-ningbo-dongqian-lake/,https://www.tripadvisor.com/Hotel_Review-g297470-d11725429-Reviews-Hilton_Ningbo_Dongqian_Lake-Ningbo_Zhejiang.html
Hilton Niseko Village,Niseko,Japan,Asia Pacific,42.7896,140.6864,Hilton Hotels & Resorts,https://www.hilton.com/en/hotels/ctsnvhi-hilton-niseko-village/,https://www.tripadvisor.com/Hotel_Review-g321549-d1149491-Reviews-Hilton_Niseko_Village-Niseko_cho_Abuta_gun_Hokkaido.html
Hilton Ocean City Oceanfront Suites,Ocean City,USA,Americas,38.3365,-75.0849,Hilton Hotels & Resorts,https://www.hilton.com/en/hotels/sbyofhf-hilton-ocean-city-oceanfront-suites/,https://www.tripadvisor.com/Hotel_Review-g41298-d601651-Reviews-Hilton_Ocean_City_Oceanfront_Suites-Ocean_City_Maryland.html
Hilton Odawara Resort & Spa,Odawara,Japan,Asia Pacific,35.2553,139.15,Hilton Hotels & Resorts,https://www.hilton.com/en/hotels/tyoodhi-hilton-odawara-resort-and-spa/,https://www.tripadvisor.com/Hotel_Review-g1021278-d486944-Reviews-Hilton_Odawara_Resort_Spa-Odawara_Kanagawa_Prefecture_Kanto.html
Hilton Okinawa Chatan Resort,Chatan,Japan,Asia Pacific,26.3167,127.75,Hilton Hotels & Resorts,https://www.hilton.com/en/hotels/okaochi-hilton-okinawa-chatan-resort/,https://www.tripadvisor.com/Hotel_Review-g1025634-d6522582-Reviews-Hilton_Okinawa_Chatan_Resort-Chatan_cho_Nakagami_gun_Okinawa_Prefecture_Kyushu.html
Hilton Okinawa Miyako Island Resort,Miyakojima,Japan,Asia Pacific,24.8056,125.2814,Hilton Hotels & Resorts,https://www.hilton.com/en/hotels/okamihi-hilton-okinawa-miyako-island-resort/,https://www.tripadvisor.com/Hotel_Review-g680765-d25352350-Reviews-Hilton_Okinawa_Miyako_Island_Resort-Miyakojima_Okinawa_Prefecture_Kyushu.html
Hilton Okinawa Sesoko Resort,Motobu,Japan,Asia Pacific,26.6333,127.8667,Hilton Hotels & Resorts,https://www.hilton.com/en/hotels/okasehi-hilton-okinawa-sesoko-resort/,https://www.tripadvisor.com/Hotel_Review-g1120808-d19992016-Reviews-Hilton_Okinawa_Sesoko_Resort-Motobu_cho_Kunigami_gun_Okinawa_Prefecture_Kyushu.html
Hilton Orlando,Orlando,USA,Americas,28.4177,-81.5812,Hilton Hotels & Resorts,https://www.hilton.com/en/hotels/orlochh-hilton-orlando/,https://www.tripadvisor.com/Hotel_Review-g34515-d1382900-Reviews-Hilton_Orlando-Orlando_Florida.html
Hilton Orlando Buena Vista Palace Disney Springs Area,Orlando,USA,Americas,28.3694,-81.516,Hilton Hotels & Resorts,https://www.hilton.com/en/hotels/mcobuhh-hilton-orlando-buena-vista-palace/,https://www.tripadvisor.com/Hotel_Review-g23869903-d85979-Reviews-Hilton_Orlando_Buena_Vista_Palace_Disney_Springs_Area-Lake_Buena_Vista_Florida.html
Hilton Orlando Lake Buena Vista - Disney Springs Area,Orlando,USA,Americas,28.3694,-81.516,Hilton Hotels & Resorts,https://www.hilton.com/en/hotels/orldwhh-hilton-orlando-lake-buena-vista/,https://www.tripadvisor.com/Hotel_Review-g23869903-d217366-Reviews-Hilton_Orlando_Lake_Buena_Vista_Disney_Springs_Area-Lake_Buena_Vista_Florida.html
Hilton Palm Springs,Palm Springs,USA,Americas,33.8303,-116.5453,Hilton Hotels & Resorts,https://www.hilton.com/en/hotels/psppshf-hilton-palm-springs/,https://www.tripadvisor.com/Hotel_Review-g32847-d77242-Reviews-Hilton_Palm_Springs-Palm_Springs_Greater_Palm_Springs_California.html
Hilton Pattaya,Pattaya,Thailand,Asia Pacific,12.9236,100.8825,Hilton Hotels & Resorts,https://www.hilton.com/en/hotels/bkkhphi-hilton-pattaya/,https://www.tripadvisor.com/Hotel_Review-g293919-d1876869-Reviews-or40-Hilton_Pattaya-Pattaya_Chonburi_Province.html
Hilton Pensacola Beach,Pensacola Beach,USA,Americas,30.3344,-87.1627,Hilton Hotels & Resorts,https://www.hilton.com/en/hotels/pnspehf-hilton-pensacola-beach/,https://www.tripadvisor.com/Hotel_Review-g1435792-d268649-Reviews-Hilton_Pensacola_Beach-Pensacola_Beach_Florida.html
Hilton Phoenix Resort at the Peak,Phoenix,USA,Americas,33.6589,-111.8743,Hilton Hotels & Resorts,https://www.hilton.com/en/hotels/phxsppr-hilton-phoenix-resort-at-the-peak/,https://www.tripadvisor.com/Hotel_Review-g31310-d73957-Reviews-Hilton_Phoenix_Resort_At_The_Peak-Phoenix_Arizona.html
Hilton Phoenix Tapatio Cliffs Resort,Phoenix,USA,Americas,33.6589,-111.8743,Hilton Hotels & Resorts,https://www.hilton.com/en/hotels/phxtcpr-hilton-phoenix-tapatio-cliffs-resort/,https://www.tripadvisor.com/Hotel_Review-g31310-d277997-Reviews-Hilton_Phoenix_Tapatio_Cliffs_Resort-Phoenix_Arizona.html
Hilton Ponce Golf & Casino Resort,Ponce,Puerto Rico,Americas,17.9995,-66.6141,Hilton Hotels & Resorts,https://www.hilton.com/en/hotels/pnchihh-hilton-ponce-golf-and-casino-resort/,https://www.tripadvisor.com/Hotel_Review-g147323-d151671-Reviews-Hilton_Ponce_Golf_Casino_Resort-Ponce_Puerto_Rico.html
Hilton Pyramids Golf,Giza,Egypt,Middle East,29.9792,31.1342,Hilton Hotels & Resorts,https://www.hilton.com/en/hotels/caipghi-hilton-pyramids-golf/,https://www.tripadvisor.com/Hotel_Review-g8363967-d300671-Reviews-Hilton_Pyramids_Golf-6th_of_October_City_Giza_Governorate.html
Hilton Queenstown Resort & Spa,Queenstown,New Zealand,Asia Pacific,-45.0312,168.6626,Hilton Hotels & Resorts,https://www.hilton.com/en/hotels/zqnhqhi-hilton-queenstown-resort-and-spa/,https://www.tripadvisor.com/Hotel_Review-g19858883-d2077554-Reviews-Hilton_Queenstown_Resort_Spa-Kawarau_Falls_Otago_Region_South_Island.html
Hilton Rijeka Costabella Beach Resort & Spa,Rijeka,Croatia,Europe,45.3378,14.405,Hilton Hotels & Resorts,https://www.hilton.com/en/hotels/rjkochi-hilton-rijeka-costabella-beach-resort-and-spa/,https://www.tripadvisor.com/Hotel_Review-g297516-d21400552-Reviews-Hilton_Rijeka_Costabella_Beach_Resort_Spa-Rijeka_Primorje_Gorski_Kotar_County.html
Hilton Salalah Resort,Salalah,Oman,Middle East,17.0658,54.0924,Hilton Hotels & Resorts,https://www.hilton.com/en/hotels/sllhihi-hilton-salalah-resort/,https://www.tripadvisor.com/Hotel_Review-g298419-d301982-Reviews-Hilton_Salalah_Resort-Salalah_Dhofar_Governorate.html
Hilton Salwa Beach Resort & Villas,Al Wakrah,Qatar,Middle East,24.9,51.55,Hilton Hotels & Resorts,https://www.hilton.com/en/hotels/dohsbhi-hilton-salwa-beach-resort-villas/,https://www.tripadvisor.com/Hotel_Review-g21509274-d21792606-Reviews-Hilton_Salwa_Beach_Resort_Villas-Abu_Samra.html
Hilton San Diego/Del Mar,Del Mar,USA,Americas,32.9595,-117.2653,Hilton Hotels & Resorts,https://www.hilton.com/en/hotels/sandmhf-hilton-san-diego-del-mar/,https://www.tripadvisor.com/Hotel_Review-g32286-d501946-Reviews-Hilton_San_Diego_del_Mar-Del_Mar_California.html
Hilton Sandestin Beach Golf Resort & Spa,Destin,USA,Americas,30.3935,-86.3452,Hilton Hotels & Resorts,https://www.hilton.com/en/hotels/deshihf-hilton-sandestin-beach-golf-resort-and-spa/,https://www.tripadvisor.com/Hotel_Review-g34614-d224312-Reviews-Hilton_Sandestin_Beach_Golf_Resort_Spa-Sandestin_Miramar_Beach_Destin_Florida.html
Hilton Sanqingshan Resort,Shangrao,China,Asia Pacific,28.9167,117.9833,Hilton Hotels & Resorts,https://www.hilton.com/en/hotels/sqdhihi-hilton-sanqingshan-resort/,https://www.tripadvisor.com/Hotel_Review-g1016927-d2257403-Reviews-Hilton_Sanqingshan_Resort-Shangrao_Jiangxi.html
Hilton Santa Barbara Beachfront Resort,Santa Barbara,USA,Americas,34.414,-119.6982,Hilton Hotels & Resorts,https://www.hilton.com/en/hotels/sbafphh-hilton-santa-barbara-beachfront-resort/,https://www.tripadvisor.com/Hotel_Review-g33045-d81899-Reviews-Hilton_Santa_Barbara_Beachfront_Resort-Santa_Barbara_California.html
Hilton Santa Fe Buffalo Thunder,Santa Fe,USA,Americas,35.7783,-106.0719,Hilton Hotels & Resorts,https://www.hilton.com/en/hotels/sfecghh-hilton-santa-fe-buffalo-thunder/,https://www.tripadvisor.com/Hotel_Review-g30700567-d1146058-Reviews-Hilton_Santa_Fe_Buffalo_Thunder-Cuyamungue_New_Mexico.html
Hilton Santa Marta,Santa Marta,Colombia,Americas,11.2408,-74.199,Hilton Hotels & Resorts,https://www.hilton.com/en/hotels/smrcnhh-hilton-santa-marta/,https://www.tripadvisor.com/Hotel_Review-g297484-d25084426-Reviews-Hilton_Santa_Marta-Santa_Marta_Santa_Marta_Municipality_Magdalena_Department.html
Hilton Sanya Yalong Bay Resort & Spa,Sanya,China,Asia Pacific,18.2206,109.5083,Hilton Hotels & Resorts,https://www.hilton.com/en/hotels/syxhihi-hilton-sanya-yalong-bay-resort-and-spa/,https://www.tripadvisor.com/Hotel_Review-g297427-d582794-Reviews-Hilton_Sanya_Yalong_Bay_Resort_Spa-Sanya_Hainan.html
Hilton Scottsdale Resort & Villas,Scottsdale,USA,Americas,33.6589,-111.8743,Hilton Hotels & Resorts,https://www.hilton.com/en/hotels/sctshhf-hilton-scottsdale-resort-and-villas/,https://www.tripadvisor.com/Hotel_Review-g31350-d74170-Reviews-Hilton_Scottsdale_Resort_Villas-Scottsdale_Arizona.html
Hilton Sedona Resort at Bell Rock,Sedona,USA,Americas,34.8121,-111.7562,Hilton Hotels & Resorts,https://www.hilton.com/en/hotels/sdxsehh-hilton-sedona-resort-at-bell-rock/,https://www.tripadvisor.com/Hotel_Review-g4813352-d75461-Reviews-Hilton_Sedona_Resort_At_Bell_Rock-Village_of_Oak_Creek_Arizona.html
Hilton Seychelles Northolme Resort & Spa,Mahe,Seychelles,Africa,-4.55,55.4333,Hilton Hotels & Resorts,https://www.hilton.com/en/hotels/sezhihi-hilton-seychelles-northolme-resort-and-spa/,https://www.tripadvisor.com/Hotel_Review-g488117-d547001-Reviews-Hilton_Seychelles_Northolme_Resort_Spa-Glacis_Mahe_Island.html
Hilton Sorrento Palace,Sorrento,Italy,Europe,40.6268,14.3747,Hilton Hotels & Resorts,https://www.hilton.com/en/hotels/rrohihi-hilton-sorrento-palace/,https://www.tripadvisor.com/Hotel_Review-g187782-d231243-Reviews-Hilton_Sorrento_Palace-Sorrento_Province_of_Naples_Campania.html
Hilton Swinoujscie Resort & Spa,Swinoujscie,Poland,Europe,53.9,14.25,Hilton Hotels & Resorts,https://www.hilton.com/en/hotels/szzhihi-hilton-swinoujscie-resort-and-spa/,https://www.tripadvisor.com/Hotel_Review-g652064-d17886352-Reviews-Hilton_Swinoujscie_Resort_And_Spa-Swinoujscie_Western_Pomerania_Province_Western_Pola.html
Hilton Tangier Al Houara Resort & Spa,Tangier,Morocco,Africa,35.7673,-5.7998,Hilton Hotels & Resorts,https://www.hilton.com/en/hotels/tngahhi-hilton-tangier-al-houara-resort-and-spa/,https://www.tripadvisor.com/Hotel_Review-g293737-d15132641-Reviews-Hilton_Tangier_Al_Houara_Resort_Spa-Tangier_Tanger_Tetouan_Al_Hoceima.html
Hilton Tokyo Bay,Urayasu,Japan,Asia Pacific,35.6329,139.871,Hilton Hotels & Resorts,https://www.hilton.com/en/hotels/tyotbtw-hilton-tokyo-bay/,https://www.tripadvisor.com/Hotel_Review-g14134868-d304292-Reviews-.html
Hilton Tulum Riviera Maya All-Inclusive Resort,Tulum,Mexico,Americas,20.2114,-87.4654,Hilton Hotels & Resorts,https://www.hilton.com/en/hotels/cunhihh-hilton-tulum-riviera-maya-all-inclusive-resort/,https://www.tripadvisor.com/Hotel_Review-g150813-d23608360-Reviews-Hilton_Tulum_Riviera_Maya_All_Inclusive_Resort-Tulum_Yucatan_Peninsula.html
Hilton Vallarta Riviera All-Inclusive Resort,Puerto Vallarta,Mexico,Americas,20.6534,-105.2253,Hilton Hotels & Resorts,https://www.hilton.com/en/hotels/pvrpahh-hilton-vallarta-riviera-all-inclusive-resort/,https://www.tripadvisor.com/Hotel_Review-g150793-d8154349-Reviews-Hilton_Puerto_Vallarta_Resort_All_inclusive-Puerto_Vallarta.html
Hilton Vilamoura As Cascatas Golf Resort & Spa,Vilamoura,Portugal,Europe,37.0667,-8.1167,Hilton Hotels & Resorts,https://www.hilton.com/en/hotels/faohihi-hilton-vilamoura-as-cascatas-golf-resort-and-spa/,https://www.tripadvisor.com/Hotel_Review-g227947-d655576-Reviews-Hilton_Vilamoura_As_Cascatas_Golf_Resort_Spa-Vilamoura_Quarteira_Faro_District_A.html
Hilton Virginia Beach Oceanfront,Virginia Beach,USA,Americas,36.8529,-75.978,Hilton Hotels & Resorts,https://www.hilton.com/en/hotels/orfvhhf-hilton-virginia-beach-oceanfront/,https://www.tripadvisor.com/Hotel_Review-g58277-d518301-Reviews-Hilton_Virginia_Beach_Oceanfront-Virginia_Beach_Virginia.html
Hilton Waikiki Beach,Honolulu,USA,Americas,21.2793,-157.831,Hilton Hotels & Resorts,https://www.hilton.com/en/hotels/hnlwahf-hilton-waikiki-beach-resort-and-spa/,https://www.tripadvisor.com/Hotel_Review-g60982-d209422-Reviews-Hilton_Waikiki_Beach_Resort_Spa-Honolulu_Oahu_Hawaii.html
Hilton Waikoloa Village,Waikoloa,USA,Americas,19.9261,-155.886,Hilton Hotels & Resorts,https://www.hilton.com/en/hotels/koahwhh-hilton-waikoloa-village/,https://www.tripadvisor.com/Hotel_Review-g60608-d89980-Reviews-Hilton_Waikoloa_Village-Waikoloa_Kohala_Coast_Island_of_Hawaii_Hawaii.html
Hilton Whistler Resort & Spa,Whistler,Canada,Americas,50.1163,-122.9574,Hilton Hotels & Resorts,https://www.hilton.com/en/hotels/ywsvrhf-hilton-whistler-resort-and-spa/,https://www.tripadvisor.com/Hotel_Review-g154948-d184888-Reviews-Hilton_Whistler_Resort_Spa-Whistler_British_Columbia.html
Hilton Yala Resort,Yala,Sri Lanka,Asia Pacific,6.3833,81.5167,Hilton Hotels & Resorts,https://www.hilton.com/en/hotels/kdwyahi-hilton-yala-resort/,https://www.tripadvisor.com/Hotel_Review-g3748686-d26194654-Reviews-Hilton_Yala_Resort-Palatupana_Yala_National_Park.html
Hilton Yuxi Fuxian Lake,Yuxi,China,Asia Pacific,24.35,102.9167,Hilton Hotels & Resorts,https://www.hilton.com/en/hotels/nkgyfhi-hilton-yuxi-fuxian-lake/,https://www.tripadvisor.com/Hotel_Review-g1575828-d7927386-Reviews-Hilton_Yuxi_Fuxian_Lake-Chengjiang_County_Yunnan.html
Las Vegas Hilton at Resorts World,Las Vegas,USA,Americas,36.1299,-115.1658,Hilton Hotels & Resorts,https://www.hilton.com/en/hotels/rslvhvh-resorts-world-las-vegas/,https://www.tripadvisor.com/Hotel_Review-g45963-d23328331-Reviews-Las_Vegas_Hilton_at_Resorts_World-Las_Vegas_Nevada.html
Surfers Paradise Hilton,Surfers Paradise,Australia,Asia Pacific,-28.0028,153.4307,Hilton Hotels & Resorts,https://www.hilton.com/en/hotels/oolhihi-hilton-surfers-paradise-hotel-and-residences/,https://www.tripadvisor.com/Hotel_Review-g255072-d1853238-Reviews-Hilton_Surfers_Paradise_Hotel_Residences-Surfers_Paradise_Gold_Coast_Queensland.html
The Condado Plaza Hotel,San Juan,Puerto Rico,Americas,18.4655,-66.1057,Hilton Hotels & Resorts,https://www.hilton.com/en/hotels/sjucohh-the-condado-plaza-hotel/,https://www.tripadvisor.com/Hotel_Review-g147320-d150443-Reviews-The_Condado_Plaza_Hotel-San_Juan_Puerto_Rico.html
"The Inverness Denver, a Hilton Golf & Spa Resort",Englewood,USA,Americas,39.5997,-104.8761,Hilton Hotels & Resorts,https://www.hilton.com/en/hotels/denirhh-the-inverness-denver-a-hilton-golf-and-spa-resort/,https://www.tripadvisor.com/Hotel_Review-g33412-d83087-Reviews-The_Inverness_Denver_A_Hilton_Golf_Spa_Resort-Englewood_Colorado.html
"The Lodge at Gulf State Park, a Hilton Hotel",Gulf Shores,USA,Americas,30.246,-87.7009,Hilton Hotels & Resorts,https://www.hilton.com/en/hotels/pnslghh-the-lodge-at-gulf-state-park/,https://www.tripadvisor.com/Hotel_Review-g30582-d14084829-Reviews-The_Lodge_At_Gulf_State_Park_A_Hilton_Hotel-Gulf_Shores_Alabama.html
"The Waterfront Beach Resort, a Hilton Hotel",Huntington Beach,USA,Americas,33.6595,-118.0077,Hilton Hotels & Resorts,https://www.hilton.com/en/hotels/hubwhhf-the-waterfront-beach-resort/,https://www.tripadvisor.com/Hotel_Review-g32513-d77306-Reviews-The_Waterfront_Beach_Resort_A_Hilton_Hotel-Huntington_Beach_California.html
Homewood Suites by Hilton Mont-Tremblant Resort,Mont-Tremblant,Canada,Americas,46.1167,-74.6,Homewood Suites by Hilton,https://www.hilton.com/en/hotels/yqbmthw-homewood-suites-mont-tremblant-resort/,https://www.tripadvisor.com/Hotel_Review-g182183-d268131-Reviews-Homewood_Suites_by_Hilton_Mont_Tremblant_Resort-Mont_Tremblant_Quebec.html
"Arizona Biltmore, LXR Hotels & Resorts",Phoenix,USA,Americas,33.5243,-112.0261,LXR Hotels & Resorts,https://www.hilton.com/en/hotels/phxbmol-arizona-biltmore/,https://www.tripadvisor.com/Hotel_Review-g31310-d115484-Reviews-Arizona_Biltmore_LXR_Hotels_Resorts-Phoenix_Arizona.html
"Beach Village at The Del, LXR Hotels & Resorts",Coronado,USA,Americas,32.6818,-117.1795,LXR Hotels & Resorts,https://www.hilton.com/en/hotels/sancnol-beach-village-at-the-del/,https://www.tripadvisor.com/Hotel_Review-g32250-d12791360-Reviews-.html
"Crockfords Las Vegas, LXR Hotels & Resorts",Las Vegas,USA,Americas,36.1299,-115.1658,LXR Hotels & Resorts,https://www.hilton.com/en/hotels/rslvhvh-resorts-world-las-vegas/,https://www.tripadvisor.com/Hotel_Review-g45963-d23328374-Reviews-Crockfords_Las_Vegas_LXR_Hotels_Resorts_at_Resorts_World-Las_Vegas_Nevada.html
"Ka La'i Waikiki Beach, LXR Hotels & Resorts",Honolulu,USA,Americas,21.2793,-157.831,LXR Hotels & Resorts,https://www.hilton.com/en/hotels/hnlwiol-ka-lai-waikiki-beach/,https://www.tripadvisor.com/Hotel_Review-g60982-d1484551-Reviews-Ka_La_i_Waikiki_Beach_Lxr_Hotels_Resorts-Honolulu_Oahu_Hawaii.html
"Katara Hills Doha, LXR Hotels & Resorts",Doha,Qatar,Middle East,25.3725,51.5505,LXR Hotels & Resorts,https://www.hilton.com/en/hotels/dohqkol-katara-hills-doha/,https://www.tripadvisor.com/Hotel_Review-g294009-d25173967-Reviews-Katara_Hills_Doha_Lxr_Hotels_Resorts-Doha.html
"Mango House Seychelles, LXR Hotels & Resorts",Mahe,Seychelles,Africa,-4.7167,55.5167,LXR Hotels & Resorts,https://www.hilton.com/en/hotels/sezitol-mango-house-seychelles/,https://www.tripadvisor.com/Hotel_Review-g488116-d23118132-Reviews-Mango_House_Seychelles_LXR_Hotels_Resorts-Baie_Lazare_Mahe_Island.html
"Maysan Doha, LXR Hotels & Resorts",Doha,Qatar,Middle East,25.2854,51.531,LXR Hotels & Resorts,https://www.hilton.com/en/hotels/dohpaol-maysan-doha/,https://www.tripadvisor.com/Hotel_Review-g1592998-d25173962-Reviews-or20-Maysan_Doha_LXR_Hotels_Resorts-Al_Rayyan.html
"ROKU KYOTO, LXR Hotels & Resorts",Kyoto,Japan,Asia Pacific,35.0116,135.7681,LXR Hotels & Resorts,https://www.hilton.com/en/hotels/itmolol-roku-kyoto/,https://www.tripadvisor.com/Hotel_Review-g298564-d23331390-Reviews-ROKU_KYOTO_LXR_Hotels_Resorts-Kyoto_Kyoto_Prefecture_Kinki.html
"Shore House at The Del, LXR Hotels & Resorts",Coronado,USA,Americas,32.6818,-117.1795,LXR Hotels & Resorts,https://www.hilton.com/en/hotels/sanrhol-shore-house-at-the-del/,https://www.tripadvisor.com/Hotel_Feature-g32250-d24043297-zft6217-Shore_House_at_The_Del_LXR_Hotels_Resorts.html
"Susona Bodrum, LXR Hotels & Resorts",Bodrum,Turkey,Europe,37.0344,27.4305,LXR Hotels & Resorts,https://www.hilton.com/en/hotels/bjvlxol-susona-bodrum/,https://www.tripadvisor.com/Hotel_Review-g298663-d20483728-Reviews-Susona_Bodrum_LXR_Hotels_Resorts-Torba_Bodrum_District_Mugla_Province_Turkish_Aegean_.html
"Umana Bali, LXR Hotels & Resorts",Bali,Indonesia,Asia Pacific,-8.791,115.212,LXR Hotels & Resorts,https://www.hilton.com/en/hotels/dpsolol-umana-bali-resort/,https://www.tripadvisor.com/Hotel_Review-g1219108-d887047-Reviews-Umana_Bali_LXR_Hotels_Resorts-Ungasan_Bukit_Peninsula_Bali.html
"Zemi Beach House, LXR Hotels & Resorts",Anguilla,Anguilla,Americas,18.2206,-63.0697,LXR Hotels & Resorts,https://www.hilton.com/en/hotels/axazbol-zemi-beach-house/,https://www.tripadvisor.com/Hotel_Review-g7092973-d8865337-Reviews-Zemi_Beach_House_LXR_Hotels_Resorts-Shoal_Bay_Village_Anguilla.html
Signia by Hilton La Cantera Resort & Spa,San Antonio,USA,Americas,29.6003,-98.6095,Signia by Hilton,https://www.hilton.com/en/hotels/satcnsa-signia-la-cantera-resort-and-spa/,https://www.tripadvisor.com/Hotel_Review-g60956-d108571-Reviews-Signia_by_Hilton_La_Cantera_Resort_Spa-San_Antonio_Texas.html
Signia by Hilton Orlando Bonnet Creek,Orlando,USA,Americas,28.3694,-81.516,Signia by Hilton,https://www.hilton.com/en/hotels/orlhhsa-signia-by-hilton-orlando-bonnet-creek/,https://www.tripadvisor.com/Hotel_Review-g34515-d1308392-Reviews-Signia_By_Hilton_Orlando_An_Official_Walt_Disney_WorldR_Hotel-Orlando_Florida.html
"Fuwairit Kite Beach, Tapestry Collection by Hilton",Fuwairit,Qatar,Middle East,26.0833,51.2667,Tapestry Collection by Hilton,https://www.hilton.com/en/hotels/dohkbup-fuwairit-kite-beach/,https://www.tripadvisor.com/Hotel_Review-g7287821-d25089382-Reviews-Fuwairit_Kite_Beach_Tapestry_Collection_By_Hilton-Fuwayrit.html
"Grand Wailea, A Waldorf Astoria Resort",Maui,USA,Americas,20.6718,-156.4418,Waldorf Astoria Hotels & Resorts,https://www.hilton.com/en/hotels/jhmgwwa-grand-wailea/,https://www.tripadvisor.com/Hotel_Review-g609129-d111788-Reviews-.html
"Rome Cavalieri, A Waldorf Astoria Hotel",Rome,Italy,Europe,41.9028,12.4964,Waldorf Astoria Hotels & Resorts,https://www.hilton.com/en/hotels/romhiwa-rome-cavalieri/,https://www.tripadvisor.com/Hotel_Review-g187791-d190138-Reviews-Rome_Cavalieri_A_Waldorf_Astoria_Hotel-Rome_Lazio.html
Waldorf Astoria Costa Rica Punta Cacique,Punta Cacique,Costa Rica,Americas,10.0167,-84.8333,Waldorf Astoria Hotels & Resorts,https://www.hilton.com/en/hotels/lirguwa-waldorf-astoria-costa-rica-punta-cacique/,https://www.tripadvisor.com/Hotel_Review-g27708203-d27704675-Reviews-Waldorf_Astoria_Costa_Rica_Punta_Cacique-Punta_Cacique_Province_of_Guanacaste.html
Waldorf Astoria Dubai Palm Jumeirah,Dubai,UAE,Middle East,25.1124,55.139,Waldorf Astoria Hotels & Resorts,https://www.hilton.com/en/hotels/dxbpdwa-waldorf-astoria-dubai-palm-jumeirah/,https://www.tripadvisor.com/Hotel_Review-g295424-d5890945-Reviews-Waldorf_Astoria_Dubai_Palm_Jumeirah-Dubai_Emirate_of_Dubai.html
Waldorf Astoria Las Vegas,Las Vegas,USA,Americas,36.1069,-115.1731,Waldorf Astoria Hotels & Resorts,https://www.hilton.com/en/hotels/laswdwa-waldorf-astoria-las-vegas/,https://www.tripadvisor.com/Hotel_Review-g45963-d1456410-Reviews-.html
Waldorf Astoria Los Cabos Pedregal,Los Cabos,Mexico,Americas,22.8906,-109.9167,Waldorf Astoria Hotels & Resorts,https://www.hilton.com/en/hotels/sjdwawa-waldorf-astoria-los-cabos-pedregal/,https://www.tripadvisor.com/Hotel_Review-g152515-d1200756-Reviews-Waldorf_Astoria_Los_Cabos_Pedregal-Cabo_San_Lucas_Los_Cabos_Baja_California.html
"Waldorf Astoria Lusail, Doha",Doha,Qatar,Middle East,25.45,51.5167,Waldorf Astoria Hotels & Resorts,https://www.hilton.com/en/hotels/dohqtwa-waldorf-astoria-doha-lusail/,https://www.tripadvisor.com/Hotel_Review-g21179689-d24829423-Reviews-Waldorf_Astoria_Doha_Lusail-Lusail.html
Waldorf Astoria Maldives Ithaafushi,Ithaafushi,Maldives,Asia Pacific,4,73.3333,Waldorf Astoria Hotels & Resorts,https://www.hilton.com/en/hotels/mleonwa-waldorf-astoria-maldives-ithaafushi/,https://www.tripadvisor.com/Hotel_Review-g23960542-d15618284-Reviews-Waldorf_Astoria_Maldives_Ithaafushi-Ithaafushi_Island.html
Waldorf Astoria Monarch Beach,Dana Point,USA,Americas,33.4734,-117.723,Waldorf Astoria Hotels & Resorts,https://www.hilton.com/en/hotels/snamowa-waldorf-astoria-monarch-beach/,https://www.tripadvisor.com/Hotel_Review-g32279-d224779-Reviews-Waldorf_Astoria_Monarch_Beach_Resort_Club-Dana_Point_California.html
Waldorf Astoria Orlando,Orlando,USA,Americas,28.3694,-81.516,Waldorf Astoria Hotels & Resorts,https://www.hilton.com/en/hotels/orlbcwa-waldorf-astoria-orlando/,https://www.tripadvisor.com/Hotel_Review-g34515-d1389861-Reviews-Waldorf_Astoria_Orlando-Orlando_Florida.html
Waldorf Astoria Park City,Park City,USA,Americas,40.6461,-111.498,Waldorf Astoria Hotels & Resorts,https://www.hilton.com/en/hotels/slcdmwa-waldorf-astoria-park-city/,https://www.tripadvisor.com/Hotel_Review-g57097-d1237907-Reviews-Waldorf_Astoria_Park_City-Park_City_Utah.html
Waldorf Astoria Ras Al Khaimah,Ras Al Khaimah,UAE,Middle East,25.7833,55.95,Waldorf Astoria Hotels & Resorts,https://www.hilton.com/en/hotels/rktwawa-waldorf-astoria-ras-al-khaimah/,https://www.tripadvisor.com/Hotel_Review-g298063-d4092412-Reviews-Waldorf_Astoria_Ras_Al_Khaimah-Ras_Al_Khaimah_Emirate_of_Ras_Al_Khaimah.html
Waldorf Astoria Riviera Maya,Riviera Maya,Mexico,Americas,20.65,-87.0667,Waldorf Astoria Hotels & Resorts,https://www.hilton.com/en/hotels/cunwawa-waldorf-astoria-riviera-maya/,https://www.tripadvisor.com/Hotel_Review-g150807-d23540957-Reviews-Waldorf_Astoria_Riviera_Maya-Cancun_Yucatan_Peninsula.html
Waldorf Astoria Seychelles Platte Island,Platte Island,Seychelles,Africa,-5.8667,55.3833,Waldorf Astoria Hotels & Resorts,https://www.hilton.com/en/hotels/sezpiwa-waldorf-astoria-seychelles-platte-island/,https://www.tripadvisor.com/Hotel_Review-g27149610-d27149613-Reviews-Waldorf_Astoria_Seychelles_Platte_Island-Platte_Island.html
Waldorf Astoria Versailles - Trianon Palace,Versailles,France,Europe,48.8014,2.1301,Waldorf Astoria Hotels & Resorts,https://www.hilton.com/en/hotels/cdgtpwa-waldorf-astoria-versailles-trianon-palace/,https://www.tripadvisor.com/Hotel_Review-g187148-d229673-Reviews-Waldorf_Astoria_Versailles_Trianon_Palace-Versailles_Yvelines_Ile_de_France.html